attempt_id,user_id,session_id,attempted_at_utc,exercise_id,concept,mode,answer_type,difficulty,data_source,is_correct,response_time_ms,attempt_number
00000000-0000-0000-0000-000000000000-0,00000000-0000-0000-0000-000000000000,s-0-1,2026-09-03T13:10:42.123172+00:00,real-mss-010,MSS,recognition,level,3,real,1,26155,1
00000000-0000-0000-0000-000000000000-1,00000000-0000-0000-0000-000000000000,s-0-1,2026-09-03T13:11:09.588473+00:00,fvg-002,FVG,recognition,zone,1,constructed,1,22465,1
00000000-0000-0000-0000-000000000000-2,00000000-0000-0000-0000-000000000000,s-0-1,2026-09-03T13:11:24.907486+00:00,ifvg-005,IFVG,recognition,zone,3,constructed,0,10319,1
00000000-0000-0000-0000-000000000000-3,00000000-0000-0000-0000-000000000000,s-0-1,2026-09-03T13:11:37.508865+00:00,real-liq-006,Liquidity,recognition,level,3,real,1,7601,1
00000000-0000-0000-0000-000000000000-4,00000000-0000-0000-0000-000000000000,s-0-1,2026-09-03T13:11:54.429362+00:00,fvg-resp-005,FVG,recognition,choice,3,constructed,1,11920,1
00000000-0000-0000-0000-000000000000-5,00000000-0000-0000-0000-000000000000,s-0-1,2026-09-03T13:12:20.547783+00:00,fvg-resp-005,FVG,recognition,choice,3,constructed,0,21118,1
00000000-0000-0000-0000-000000000000-6,00000000-0000-0000-0000-000000000000,s-0-1,2026-09-03T13:12:34.486348+00:00,liq-004,Liquidity,recognition,level,2,constructed,0,8938,1
00000000-0000-0000-0000-000000000000-7,00000000-0000-0000-0000-000000000000,s-0-1,2026-09-03T13:12:52.940999+00:00,liq-001,Liquidity,recognition,level,1,constructed,0,13454,1
00000000-0000-0000-0000-000000000000-8,00000000-0000-0000-0000-000000000000,s-0-1,2026-09-03T13:13:13.710955+00:00,real-liq-006,Liquidity,recognition,level,3,real,0,15769,1
00000000-0000-0000-0000-000000000000-9,00000000-0000-0000-0000-000000000000,s-0-1,2026-09-03T13:13:29.594288+00:00,real-fvg-005,FVG,recognition,zone,2,real,1,10883,1
00000000-0000-0000-0000-000000000000-10,00000000-0000-0000-0000-000000000000,s-0-2,2026-09-04T22:51:23.952617+00:00,real-liq-002,Liquidity,recognition,level,2,real,0,4667,1
00000000-0000-0000-0000-000000000000-11,00000000-0000-0000-0000-000000000000,s-0-2,2026-09-04T22:51:45.446765+00:00,fvg-resp-003,FVG,recognition,choice,2,constructed,1,16494,1
00000000-0000-0000-0000-000000000000-12,00000000-0000-0000-0000-000000000000,s-0-2,2026-09-04T22:52:02.422563+00:00,ifvg-resp-003,IFVG,recognition,choice,2,constructed,1,11975,1
00000000-0000-0000-0000-000000000000-13,00000000-0000-0000-0000-000000000000,s-0-2,2026-09-04T22:52:24.149428+00:00,real-liq-001,Liquidity,recognition,level,1,real,1,16726,1
00000000-0000-0000-0000-000000000000-14,00000000-0000-0000-0000-000000000000,s-0-2,2026-09-04T22:52:34.473827+00:00,real-fvg-005,FVG,recognition,zone,2,real,1,5324,1
00000000-0000-0000-0000-000000000000-15,00000000-0000-0000-0000-000000000000,s-0-2,2026-09-04T22:52:47.390866+00:00,real-mss-004,MSS,recognition,level,1,real,0,7917,1
00000000-0000-0000-0000-000000000000-16,00000000-0000-0000-0000-000000000000,s-0-2,2026-09-04T22:53:02.380803+00:00,fvg-004,FVG,recognition,zone,2,constructed,0,9989,1
00000000-0000-0000-0000-000000000000-17,00000000-0000-0000-0000-000000000000,s-0-2,2026-09-04T22:53:19.539419+00:00,ifvg-001,IFVG,recognition,zone,1,constructed,1,12158,1
00000000-0000-0000-0000-000000000000-18,00000000-0000-0000-0000-000000000000,s-0-2,2026-09-04T22:53:33.724249+00:00,real-mss-009,MSS,recognition,level,2,real,0,9184,1
00000000-0000-0000-0000-000000000000-19,00000000-0000-0000-0000-000000000000,s-0-2,2026-09-04T22:53:43.883774+00:00,ifvg-resp-003,IFVG,recognition,choice,2,constructed,1,5159,1
00000000-0000-0000-0000-000000000000-20,00000000-0000-0000-0000-000000000000,s-0-3,2026-09-05T10:52:48.420255+00:00,real-liq-007,Liquidity,recognition,level,1,real,0,4643,1
00000000-0000-0000-0000-000000000000-21,00000000-0000-0000-0000-000000000000,s-0-3,2026-09-05T10:53:23.432910+00:00,real-liq-007,Liquidity,recognition,level,1,real,1,30012,1
00000000-0000-0000-0000-000000000000-22,00000000-0000-0000-0000-000000000000,s-0-3,2026-09-05T10:53:50.923390+00:00,fvg-resp-005,FVG,recognition,choice,3,constructed,1,22490,1
00000000-0000-0000-0000-000000000000-23,00000000-0000-0000-0000-000000000000,s-0-3,2026-09-05T10:54:11.702081+00:00,real-fvg-010,FVG,recognition,zone,1,real,1,15778,1
00000000-0000-0000-0000-000000000000-24,00000000-0000-0000-0000-000000000000,s-0-3,2026-09-05T10:54:21.810091+00:00,liq-001,Liquidity,recognition,level,1,constructed,1,5108,1
00000000-0000-0000-0000-000000000000-25,00000000-0000-0000-0000-000000000000,s-0-3,2026-09-05T10:54:31.603023+00:00,pd-003,PremiumDiscount,recognition,choice,2,constructed,1,4792,1
00000000-0000-0000-0000-000000000000-26,00000000-0000-0000-0000-000000000000,s-0-3,2026-09-05T10:54:46.423012+00:00,ob-001,OrderBlock,recognition,zone,1,constructed,0,9819,1
00000000-0000-0000-0000-000000000000-27,00000000-0000-0000-0000-000000000000,s-0-3,2026-09-05T10:55:09.201684+00:00,tliq-005,TimeLiquidity,recognition,level,3,constructed,1,17778,1
00000000-0000-0000-0000-000000000000-28,00000000-0000-0000-0000-000000000000,s-0-3,2026-09-05T10:55:28.354639+00:00,ifvg-resp-001,IFVG,recognition,choice,2,constructed,0,14152,1
00000000-0000-0000-0000-000000000000-29,00000000-0000-0000-0000-000000000000,s-0-3,2026-09-05T10:55:44.545180+00:00,tliq-003,TimeLiquidity,recognition,level,1,constructed,1,11190,1
00000000-0000-0000-0000-000000000000-30,00000000-0000-0000-0000-000000000000,s-0-4,2026-09-06T22:42:09.308961+00:00,pd-001,PremiumDiscount,recognition,choice,1,constructed,1,11619,1
00000000-0000-0000-0000-000000000000-31,00000000-0000-0000-0000-000000000000,s-0-4,2026-09-06T22:42:34.944422+00:00,fvg-resp-003,FVG,recognition,choice,2,constructed,1,20635,1
00000000-0000-0000-0000-000000000000-32,00000000-0000-0000-0000-000000000000,s-0-4,2026-09-06T22:42:50.373079+00:00,real-mss-002,MSS,recognition,level,2,real,1,10428,1
00000000-0000-0000-0000-000000000000-33,00000000-0000-0000-0000-000000000000,s-0-4,2026-09-06T22:43:36.337780+00:00,real-mss-007,MSS,recognition,level,1,real,0,40964,1
00000000-0000-0000-0000-000000000000-34,00000000-0000-0000-0000-000000000000,s-0-4,2026-09-06T22:44:12.710779+00:00,ob-005,OrderBlock,recognition,zone,3,constructed,1,31372,1
00000000-0000-0000-0000-000000000000-35,00000000-0000-0000-0000-000000000000,s-0-4,2026-09-06T22:44:40.657260+00:00,ob-001,OrderBlock,recognition,zone,1,constructed,1,22946,1
00000000-0000-0000-0000-000000000000-36,00000000-0000-0000-0000-000000000000,s-0-4,2026-09-06T22:44:57.021939+00:00,tliq-004,TimeLiquidity,recognition,level,2,constructed,1,11364,1
00000000-0000-0000-0000-000000000000-37,00000000-0000-0000-0000-000000000000,s-0-4,2026-09-06T22:45:21.958682+00:00,fvg-002,FVG,recognition,zone,1,constructed,1,19936,1
00000000-0000-0000-0000-000000000000-38,00000000-0000-0000-0000-000000000000,s-0-4,2026-09-06T22:45:30.286427+00:00,real-fvg-004,FVG,recognition,zone,3,real,1,3327,1
00000000-0000-0000-0000-000000000000-39,00000000-0000-0000-0000-000000000000,s-0-4,2026-09-06T22:46:02.186275+00:00,fvg-resp-003,FVG,recognition,choice,2,constructed,1,26899,1
00000000-0000-0000-0000-000000000000-40,00000000-0000-0000-0000-000000000000,s-0-5,2026-09-08T04:30:38.541264+00:00,real-fvg-001,FVG,recognition,zone,1,real,1,18137,1
00000000-0000-0000-0000-000000000000-41,00000000-0000-0000-0000-000000000000,s-0-5,2026-09-08T04:30:57.430338+00:00,tliq-001,TimeLiquidity,recognition,level,1,constructed,1,13889,1
00000000-0000-0000-0000-000000000000-42,00000000-0000-0000-0000-000000000000,s-0-5,2026-09-08T04:31:15.027234+00:00,fvg-003,FVG,recognition,zone,2,constructed,0,12596,1
00000000-0000-0000-0000-000000000000-43,00000000-0000-0000-0000-000000000000,s-0-5,2026-09-08T04:31:30.480027+00:00,ob-003,OrderBlock,recognition,zone,2,constructed,1,10452,1
00000000-0000-0000-0000-000000000000-44,00000000-0000-0000-0000-000000000000,s-0-5,2026-09-08T04:31:45.817320+00:00,ifvg-003,IFVG,recognition,zone,3,constructed,1,10337,1
00000000-0000-0000-0000-000000000000-45,00000000-0000-0000-0000-000000000000,s-0-5,2026-09-08T04:32:05.521301+00:00,pd-001,PremiumDiscount,recognition,choice,1,constructed,1,14703,1
00000000-0000-0000-0000-000000000000-46,00000000-0000-0000-0000-000000000000,s-0-5,2026-09-08T04:32:15.869454+00:00,real-fvg-004,FVG,recognition,zone,3,real,1,5348,1
00000000-0000-0000-0000-000000000000-47,00000000-0000-0000-0000-000000000000,s-0-5,2026-09-08T04:32:50.401962+00:00,fvg-004,FVG,recognition,zone,2,constructed,1,29532,1
00000000-0000-0000-0000-000000000000-48,00000000-0000-0000-0000-000000000000,s-0-5,2026-09-08T04:33:07.625183+00:00,real-liq-010,Liquidity,recognition,level,1,real,1,12223,1
00000000-0000-0000-0000-000000000000-49,00000000-0000-0000-0000-000000000000,s-0-5,2026-09-08T04:33:26.948914+00:00,ob-005,OrderBlock,recognition,zone,3,constructed,1,14323,1
00000000-0000-0000-0000-000000000000-50,00000000-0000-0000-0000-000000000000,s-0-6,2026-09-09T10:54:08.503783+00:00,mss-004,MSS,recognition,level,2,constructed,0,19304,1
00000000-0000-0000-0000-000000000000-51,00000000-0000-0000-0000-000000000000,s-0-6,2026-09-09T10:54:25.410005+00:00,pd-003,PremiumDiscount,recognition,choice,2,constructed,1,11906,1
00000000-0000-0000-0000-000000000000-52,00000000-0000-0000-0000-000000000000,s-0-6,2026-09-09T10:54:40.600751+00:00,ifvg-002,IFVG,recognition,zone,1,constructed,1,10190,1
00000000-0000-0000-0000-000000000000-53,00000000-0000-0000-0000-000000000000,s-0-6,2026-09-09T10:55:06.708173+00:00,ifvg-resp-003,IFVG,recognition,choice,2,constructed,1,21107,1
00000000-0000-0000-0000-000000000000-54,00000000-0000-0000-0000-000000000000,s-0-6,2026-09-09T10:55:21.451930+00:00,fvg-resp-001,FVG,recognition,choice,1,constructed,1,9743,1
00000000-0000-0000-0000-000000000000-55,00000000-0000-0000-0000-000000000000,s-0-6,2026-09-09T10:55:36.040405+00:00,ifvg-005,IFVG,recognition,zone,3,constructed,1,9588,1
00000000-0000-0000-0000-000000000000-56,00000000-0000-0000-0000-000000000000,s-0-6,2026-09-09T10:56:14.541855+00:00,tliq-001,TimeLiquidity,recognition,level,1,constructed,1,33501,1
00000000-0000-0000-0000-000000000000-57,00000000-0000-0000-0000-000000000000,s-0-6,2026-09-09T10:56:35.959532+00:00,mss-001,MSS,recognition,level,1,constructed,1,16417,1
00000000-0000-0000-0000-000000000000-58,00000000-0000-0000-0000-000000000000,s-0-6,2026-09-09T10:56:50.050831+00:00,tliq-003,TimeLiquidity,recognition,level,1,constructed,1,9091,1
00000000-0000-0000-0000-000000000000-59,00000000-0000-0000-0000-000000000000,s-0-6,2026-09-09T10:57:02.060698+00:00,ob-005,OrderBlock,recognition,zone,3,constructed,1,7009,1
00000000-0000-0000-0000-000000000000-60,00000000-0000-0000-0000-000000000000,s-0-7,2026-09-10T13:08:35.298686+00:00,fvg-005,FVG,recognition,zone,3,constructed,0,16361,1
00000000-0000-0000-0000-000000000000-61,00000000-0000-0000-0000-000000000000,s-0-7,2026-09-10T13:08:57.017376+00:00,fvg-resp-005,FVG,recognition,choice,3,constructed,0,16718,1
00000000-0000-0000-0000-000000000000-62,00000000-0000-0000-0000-000000000000,s-0-7,2026-09-10T13:09:26.071008+00:00,real-mss-001,MSS,recognition,level,1,real,1,24053,1
00000000-0000-0000-0000-000000000000-63,00000000-0000-0000-0000-000000000000,s-0-7,2026-09-10T13:09:55.117676+00:00,ifvg-resp-004,IFVG,recognition,choice,2,constructed,0,24046,1
00000000-0000-0000-0000-000000000000-64,00000000-0000-0000-0000-000000000000,s-0-7,2026-09-10T13:10:15.767130+00:00,real-mss-002,MSS,recognition,level,2,real,0,15649,1
00000000-0000-0000-0000-000000000000-65,00000000-0000-0000-0000-000000000000,s-0-7,2026-09-10T13:10:32.292431+00:00,real-mss-005,MSS,recognition,level,2,real,1,11525,1
00000000-0000-0000-0000-000000000000-66,00000000-0000-0000-0000-000000000000,s-0-7,2026-09-10T13:10:56.228310+00:00,tliq-002,TimeLiquidity,recognition,level,2,constructed,1,18935,1
00000000-0000-0000-0000-000000000000-67,00000000-0000-0000-0000-000000000000,s-0-7,2026-09-10T13:11:40.775029+00:00,ob-002,OrderBlock,recognition,zone,1,constructed,0,39546,1
00000000-0000-0000-0000-000000000000-68,00000000-0000-0000-0000-000000000000,s-0-7,2026-09-10T13:12:04.715318+00:00,ifvg-resp-001,IFVG,recognition,choice,2,constructed,0,18940,1
00000000-0000-0000-0000-000000000000-69,00000000-0000-0000-0000-000000000000,s-0-7,2026-09-10T13:12:22.742571+00:00,real-liq-001,Liquidity,recognition,level,1,real,0,13027,1
00000000-0000-0000-0000-000000000000-70,00000000-0000-0000-0000-000000000000,s-0-8,2026-09-11T02:42:35.070299+00:00,tliq-004,TimeLiquidity,recognition,level,2,constructed,1,13480,1
00000000-0000-0000-0000-000000000000-71,00000000-0000-0000-0000-000000000000,s-0-8,2026-09-11T02:42:48.474030+00:00,fvg-003,FVG,recognition,zone,2,constructed,0,8403,1
00000000-0000-0000-0000-000000000000-72,00000000-0000-0000-0000-000000000000,s-0-8,2026-09-11T02:43:06.388375+00:00,mss-005,MSS,recognition,level,2,constructed,1,12914,1
00000000-0000-0000-0000-000000000000-73,00000000-0000-0000-0000-000000000000,s-0-8,2026-09-11T02:43:37.266132+00:00,ob-003,OrderBlock,recognition,zone,2,constructed,0,25877,1
00000000-0000-0000-0000-000000000000-74,00000000-0000-0000-0000-000000000000,s-0-8,2026-09-11T02:43:54.817279+00:00,liq-003,Liquidity,recognition,level,2,constructed,1,12551,1
00000000-0000-0000-0000-000000000000-75,00000000-0000-0000-0000-000000000000,s-0-8,2026-09-11T02:44:29.516264+00:00,ifvg-resp-001,IFVG,recognition,choice,2,constructed,1,29698,1
00000000-0000-0000-0000-000000000000-76,00000000-0000-0000-0000-000000000000,s-0-8,2026-09-11T02:45:03.458385+00:00,ob-001,OrderBlock,recognition,zone,1,constructed,0,28942,1
00000000-0000-0000-0000-000000000000-77,00000000-0000-0000-0000-000000000000,s-0-8,2026-09-11T02:45:22.846501+00:00,fvg-resp-002,FVG,recognition,choice,1,constructed,1,14388,1
00000000-0000-0000-0000-000000000000-78,00000000-0000-0000-0000-000000000000,s-0-8,2026-09-11T02:45:41.098046+00:00,real-fvg-007,FVG,recognition,zone,1,real,1,13251,1
00000000-0000-0000-0000-000000000000-79,00000000-0000-0000-0000-000000000000,s-0-8,2026-09-11T02:46:00.204715+00:00,ob-005,OrderBlock,recognition,zone,3,constructed,1,14106,1
00000000-0000-0000-0000-000000000000-80,00000000-0000-0000-0000-000000000000,s-0-9,2026-09-11T12:24:25.293817+00:00,pd-002,PremiumDiscount,recognition,choice,1,constructed,1,28015,1
00000000-0000-0000-0000-000000000000-81,00000000-0000-0000-0000-000000000000,s-0-9,2026-09-11T12:24:54.273263+00:00,fvg-001,FVG,recognition,zone,1,constructed,1,23979,1
00000000-0000-0000-0000-000000000000-82,00000000-0000-0000-0000-000000000000,s-0-9,2026-09-11T12:25:06.395366+00:00,liq-002,Liquidity,recognition,level,1,constructed,1,7122,1
00000000-0000-0000-0000-000000000000-83,00000000-0000-0000-0000-000000000000,s-0-9,2026-09-11T12:25:27.330717+00:00,fvg-005,FVG,recognition,zone,3,constructed,1,15935,1
00000000-0000-0000-0000-000000000000-84,00000000-0000-0000-0000-000000000000,s-0-9,2026-09-11T12:25:44.164170+00:00,pd-001,PremiumDiscount,recognition,choice,1,constructed,1,11833,1
00000000-0000-0000-0000-000000000000-85,00000000-0000-0000-0000-000000000000,s-0-9,2026-09-11T12:25:58.282363+00:00,liq-005,Liquidity,recognition,level,3,constructed,1,9118,1
00000000-0000-0000-0000-000000000000-86,00000000-0000-0000-0000-000000000000,s-0-9,2026-09-11T12:26:28.292593+00:00,real-fvg-002,FVG,recognition,zone,2,real,1,25010,1
00000000-0000-0000-0000-000000000001-0,00000000-0000-0000-0000-000000000001,s-1-1,2026-09-02T19:07:00.377450+00:00,real-fvg-004,FVG,recognition,zone,3,real,0,13454,1
00000000-0000-0000-0000-000000000001-1,00000000-0000-0000-0000-000000000001,s-1-1,2026-09-02T19:07:22.644760+00:00,real-mss-008,MSS,recognition,level,1,real,0,17267,1
00000000-0000-0000-0000-000000000001-2,00000000-0000-0000-0000-000000000001,s-1-1,2026-09-02T19:07:49.284186+00:00,real-mss-005,MSS,recognition,level,2,real,0,21639,1
00000000-0000-0000-0000-000000000001-3,00000000-0000-0000-0000-000000000001,s-1-1,2026-09-02T19:08:03.851839+00:00,liq-001,Liquidity,recognition,level,1,constructed,1,9567,1
00000000-0000-0000-0000-000000000001-4,00000000-0000-0000-0000-000000000001,s-1-1,2026-09-02T19:08:18.513637+00:00,real-liq-009,Liquidity,recognition,level,3,real,0,9661,1
00000000-0000-0000-0000-000000000001-5,00000000-0000-0000-0000-000000000001,s-1-1,2026-09-02T19:08:30.637547+00:00,pd-001,PremiumDiscount,recognition,choice,1,constructed,1,7123,1
00000000-0000-0000-0000-000000000001-6,00000000-0000-0000-0000-000000000001,s-1-1,2026-09-02T19:08:55.877047+00:00,ob-002,OrderBlock,recognition,zone,1,constructed,1,20239,1
00000000-0000-0000-0000-000000000001-7,00000000-0000-0000-0000-000000000001,s-1-1,2026-09-02T19:09:13.994883+00:00,ob-005,OrderBlock,recognition,zone,3,constructed,1,13117,1
00000000-0000-0000-0000-000000000001-8,00000000-0000-0000-0000-000000000001,s-1-1,2026-09-02T19:09:30.672496+00:00,real-fvg-010,FVG,recognition,zone,1,real,1,11677,1
00000000-0000-0000-0000-000000000001-9,00000000-0000-0000-0000-000000000001,s-1-1,2026-09-02T19:09:57.543284+00:00,fvg-004,FVG,recognition,zone,2,constructed,0,21870,1
00000000-0000-0000-0000-000000000001-10,00000000-0000-0000-0000-000000000001,s-1-2,2026-09-04T04:28:47.768922+00:00,ob-004,OrderBlock,recognition,zone,2,constructed,1,11599,1
00000000-0000-0000-0000-000000000001-11,00000000-0000-0000-0000-000000000001,s-1-2,2026-09-04T04:29:22.470759+00:00,fvg-resp-001,FVG,recognition,choice,1,constructed,0,29701,1
00000000-0000-0000-0000-000000000001-12,00000000-0000-0000-0000-000000000001,s-1-2,2026-09-04T04:29:37.811788+00:00,real-mss-003,MSS,recognition,level,3,real,0,10341,1
00000000-0000-0000-0000-000000000001-13,00000000-0000-0000-0000-000000000001,s-1-2,2026-09-04T04:29:55.921418+00:00,mss-004,MSS,recognition,level,2,constructed,1,13109,1
00000000-0000-0000-0000-000000000001-14,00000000-0000-0000-0000-000000000001,s-1-2,2026-09-04T04:30:08.297982+00:00,fvg-001,FVG,recognition,zone,1,constructed,1,7376,1
00000000-0000-0000-0000-000000000001-15,00000000-0000-0000-0000-000000000001,s-1-2,2026-09-04T04:30:27.622270+00:00,ob-001,OrderBlock,recognition,zone,1,constructed,1,14324,1
00000000-0000-0000-0000-000000000001-16,00000000-0000-0000-0000-000000000001,s-1-2,2026-09-04T04:30:44.686791+00:00,mss-003,MSS,recognition,level,3,constructed,0,12064,1
00000000-0000-0000-0000-000000000001-17,00000000-0000-0000-0000-000000000001,s-1-2,2026-09-04T04:31:04.359609+00:00,real-fvg-004,FVG,recognition,zone,3,real,0,14672,1
00000000-0000-0000-0000-000000000001-18,00000000-0000-0000-0000-000000000001,s-1-2,2026-09-04T04:31:24.807104+00:00,fvg-resp-001,FVG,recognition,choice,1,constructed,1,15447,1
00000000-0000-0000-0000-000000000001-19,00000000-0000-0000-0000-000000000001,s-1-2,2026-09-04T04:31:38.827659+00:00,mss-005,MSS,recognition,level,2,constructed,0,9020,1
00000000-0000-0000-0000-000000000001-20,00000000-0000-0000-0000-000000000001,s-1-3,2026-09-05T07:03:39.454668+00:00,mss-002,MSS,recognition,level,1,constructed,1,6023,1
00000000-0000-0000-0000-000000000001-21,00000000-0000-0000-0000-000000000001,s-1-3,2026-09-05T07:03:50.805939+00:00,real-mss-008,MSS,recognition,level,1,real,1,6351,1
00000000-0000-0000-0000-000000000001-22,00000000-0000-0000-0000-000000000001,s-1-3,2026-09-05T07:04:09.038966+00:00,mss-003,MSS,recognition,level,3,constructed,0,13233,1
00000000-0000-0000-0000-000000000001-23,00000000-0000-0000-0000-000000000001,s-1-3,2026-09-05T07:04:19.403237+00:00,liq-003,Liquidity,recognition,level,2,constructed,1,5364,1
00000000-0000-0000-0000-000000000001-24,00000000-0000-0000-0000-000000000001,s-1-3,2026-09-05T07:04:34.646050+00:00,liq-005,Liquidity,recognition,level,3,constructed,1,10242,1
00000000-0000-0000-0000-000000000001-25,00000000-0000-0000-0000-000000000001,s-1-3,2026-09-05T07:04:49.665339+00:00,ifvg-004,IFVG,recognition,zone,2,constructed,1,10019,1
00000000-0000-0000-0000-000000000001-26,00000000-0000-0000-0000-000000000001,s-1-3,2026-09-05T07:05:03.710927+00:00,real-fvg-006,FVG,recognition,zone,3,real,1,9045,1
00000000-0000-0000-0000-000000000001-27,00000000-0000-0000-0000-000000000001,s-1-3,2026-09-05T07:05:33.994461+00:00,real-fvg-006,FVG,recognition,zone,3,real,0,25283,1
00000000-0000-0000-0000-000000000001-28,00000000-0000-0000-0000-000000000001,s-1-3,2026-09-05T07:05:50.014361+00:00,real-fvg-004,FVG,recognition,zone,3,real,1,11019,1
00000000-0000-0000-0000-000000000001-29,00000000-0000-0000-0000-000000000001,s-1-3,2026-09-05T07:06:23.916578+00:00,real-fvg-008,FVG,recognition,zone,2,real,1,28902,1
00000000-0000-0000-0000-000000000001-30,00000000-0000-0000-0000-000000000001,s-1-4,2026-09-06T09:17:53.883479+00:00,real-mss-010,MSS,recognition,level,3,real,0,4721,1
00000000-0000-0000-0000-000000000001-31,00000000-0000-0000-0000-000000000001,s-1-4,2026-09-06T09:18:11.365325+00:00,real-mss-002,MSS,recognition,level,2,real,1,12481,1
00000000-0000-0000-0000-000000000001-32,00000000-0000-0000-0000-000000000001,s-1-4,2026-09-06T09:18:27.075914+00:00,fvg-resp-005,FVG,recognition,choice,3,constructed,1,10710,1
00000000-0000-0000-0000-000000000001-33,00000000-0000-0000-0000-000000000001,s-1-4,2026-09-06T09:18:45.896183+00:00,real-liq-009,Liquidity,recognition,level,3,real,1,13820,1
00000000-0000-0000-0000-000000000001-34,00000000-0000-0000-0000-000000000001,s-1-4,2026-09-06T09:18:55.489576+00:00,real-liq-002,Liquidity,recognition,level,2,real,1,4593,1
00000000-0000-0000-0000-000000000001-35,00000000-0000-0000-0000-000000000001,s-1-4,2026-09-06T09:19:24.685781+00:00,ifvg-004,IFVG,recognition,zone,2,constructed,1,24196,1
00000000-0000-0000-0000-000000000001-36,00000000-0000-0000-0000-000000000001,s-1-4,2026-09-06T09:19:55.993360+00:00,real-mss-001,MSS,recognition,level,1,real,1,26307,1
00000000-0000-0000-0000-000000000001-37,00000000-0000-0000-0000-000000000001,s-1-4,2026-09-06T09:20:21.260440+00:00,ifvg-resp-005,IFVG,recognition,choice,3,constructed,0,20267,1
00000000-0000-0000-0000-000000000001-38,00000000-0000-0000-0000-000000000001,s-1-4,2026-09-06T09:20:34.758020+00:00,real-fvg-008,FVG,recognition,zone,2,real,1,8497,1
00000000-0000-0000-0000-000000000001-39,00000000-0000-0000-0000-000000000001,s-1-4,2026-09-06T09:20:49.725003+00:00,real-mss-010,MSS,recognition,level,3,real,1,9966,1
00000000-0000-0000-0000-000000000001-40,00000000-0000-0000-0000-000000000001,s-1-5,2026-09-06T18:05:30.159943+00:00,real-liq-007,Liquidity,recognition,level,1,real,0,11463,1
00000000-0000-0000-0000-000000000001-41,00000000-0000-0000-0000-000000000001,s-1-5,2026-09-06T18:05:52.637932+00:00,ifvg-resp-001,IFVG,recognition,choice,2,constructed,1,17477,1
00000000-0000-0000-0000-000000000001-42,00000000-0000-0000-0000-000000000001,s-1-5,2026-09-06T18:06:18.891478+00:00,fvg-resp-004,FVG,recognition,choice,2,constructed,1,21253,1
00000000-0000-0000-0000-000000000001-43,00000000-0000-0000-0000-000000000001,s-1-5,2026-09-06T18:06:36.535759+00:00,real-liq-007,Liquidity,recognition,level,1,real,1,12644,1
00000000-0000-0000-0000-000000000001-44,00000000-0000-0000-0000-000000000001,s-1-5,2026-09-06T18:06:51.663872+00:00,real-mss-007,MSS,recognition,level,1,real,1,10128,1
00000000-0000-0000-0000-000000000001-45,00000000-0000-0000-0000-000000000001,s-1-5,2026-09-06T18:07:15.828486+00:00,liq-005,Liquidity,recognition,level,3,constructed,1,19164,1
00000000-0000-0000-0000-000000000001-46,00000000-0000-0000-0000-000000000001,s-1-5,2026-09-06T18:07:30.248032+00:00,liq-001,Liquidity,recognition,level,1,constructed,1,9419,1
00000000-0000-0000-0000-000000000001-47,00000000-0000-0000-0000-000000000001,s-1-5,2026-09-06T18:07:59.751712+00:00,ifvg-resp-005,IFVG,recognition,choice,3,constructed,0,24503,1
00000000-0000-0000-0000-000000000001-48,00000000-0000-0000-0000-000000000001,s-1-5,2026-09-06T18:08:13.614006+00:00,liq-004,Liquidity,recognition,level,2,constructed,0,8862,1
00000000-0000-0000-0000-000000000001-49,00000000-0000-0000-0000-000000000001,s-1-5,2026-09-06T18:08:32.841289+00:00,ob-003,OrderBlock,recognition,zone,2,constructed,1,14227,1
00000000-0000-0000-0000-000000000001-50,00000000-0000-0000-0000-000000000001,s-1-6,2026-09-07T08:08:20.993151+00:00,fvg-005,FVG,recognition,zone,3,constructed,0,19353,1
00000000-0000-0000-0000-000000000001-51,00000000-0000-0000-0000-000000000001,s-1-6,2026-09-07T08:08:41.058764+00:00,ob-003,OrderBlock,recognition,zone,2,constructed,1,15065,1
00000000-0000-0000-0000-000000000001-52,00000000-0000-0000-0000-000000000001,s-1-6,2026-09-07T08:09:02.048054+00:00,mss-002,MSS,recognition,level,1,constructed,1,15989,1
00000000-0000-0000-0000-000000000001-53,00000000-0000-0000-0000-000000000001,s-1-6,2026-09-07T08:09:25.737352+00:00,mss-001,MSS,recognition,level,1,constructed,0,18689,1
00000000-0000-0000-0000-000000000001-54,00000000-0000-0000-0000-000000000001,s-1-6,2026-09-07T08:09:48.974961+00:00,fvg-005,FVG,recognition,zone,3,constructed,1,18237,1
00000000-0000-0000-0000-000000000001-55,00000000-0000-0000-0000-000000000001,s-1-6,2026-09-07T08:10:07.356261+00:00,real-mss-010,MSS,recognition,level,3,real,1,13381,1
00000000-0000-0000-0000-000000000002-0,00000000-0000-0000-0000-000000000002,s-2-1,2026-09-02T23:09:20.141817+00:00,liq-005,Liquidity,recognition,level,3,constructed,0,16504,1
00000000-0000-0000-0000-000000000002-1,00000000-0000-0000-0000-000000000002,s-2-1,2026-09-02T23:09:51.758656+00:00,real-fvg-006,FVG,recognition,zone,3,real,1,26616,1
00000000-0000-0000-0000-000000000002-2,00000000-0000-0000-0000-000000000002,s-2-1,2026-09-02T23:10:15.535624+00:00,pd-001,PremiumDiscount,recognition,choice,1,constructed,1,18776,1
00000000-0000-0000-0000-000000000002-3,00000000-0000-0000-0000-000000000002,s-2-1,2026-09-02T23:10:38.927285+00:00,mss-005,MSS,recognition,level,2,constructed,0,18391,1
00000000-0000-0000-0000-000000000002-4,00000000-0000-0000-0000-000000000002,s-2-1,2026-09-02T23:11:00.851064+00:00,real-mss-003,MSS,recognition,level,3,real,0,16923,1
00000000-0000-0000-0000-000000000002-5,00000000-0000-0000-0000-000000000002,s-2-1,2026-09-02T23:11:18.237651+00:00,real-fvg-003,FVG,recognition,zone,3,real,0,12386,1
00000000-0000-0000-0000-000000000002-6,00000000-0000-0000-0000-000000000002,s-2-1,2026-09-02T23:11:37.509774+00:00,real-fvg-003,FVG,recognition,zone,3,real,0,14272,1
00000000-0000-0000-0000-000000000002-7,00000000-0000-0000-0000-000000000002,s-2-1,2026-09-02T23:11:51.726150+00:00,ob-004,OrderBlock,recognition,zone,2,constructed,1,9216,1
00000000-0000-0000-0000-000000000002-8,00000000-0000-0000-0000-000000000002,s-2-1,2026-09-02T23:12:07.213475+00:00,pd-004,PremiumDiscount,recognition,choice,2,constructed,1,10487,1
00000000-0000-0000-0000-000000000002-9,00000000-0000-0000-0000-000000000002,s-2-1,2026-09-02T23:12:20.304328+00:00,real-liq-009,Liquidity,recognition,level,3,real,0,8090,1
00000000-0000-0000-0000-000000000002-10,00000000-0000-0000-0000-000000000002,s-2-2,2026-09-03T09:06:52.946110+00:00,tliq-003,TimeLiquidity,recognition,level,1,constructed,1,10575,1
00000000-0000-0000-0000-000000000002-11,00000000-0000-0000-0000-000000000002,s-2-2,2026-09-03T09:07:05.766529+00:00,fvg-resp-005,FVG,recognition,choice,3,constructed,1,7820,1
00000000-0000-0000-0000-000000000002-12,00000000-0000-0000-0000-000000000002,s-2-2,2026-09-03T09:07:42.841275+00:00,real-liq-004,Liquidity,recognition,level,1,real,1,32074,1
00000000-0000-0000-0000-000000000002-13,00000000-0000-0000-0000-000000000002,s-2-2,2026-09-03T09:08:19.304572+00:00,pd-003,PremiumDiscount,recognition,choice,2,constructed,0,31463,1
00000000-0000-0000-0000-000000000002-14,00000000-0000-0000-0000-000000000002,s-2-2,2026-09-03T09:08:31.401004+00:00,real-fvg-009,FVG,recognition,zone,3,real,1,7096,1
00000000-0000-0000-0000-000000000002-15,00000000-0000-0000-0000-000000000002,s-2-2,2026-09-03T09:08:47.367031+00:00,tliq-005,TimeLiquidity,recognition,level,3,constructed,0,10966,1
00000000-0000-0000-0000-000000000002-16,00000000-0000-0000-0000-000000000002,s-2-2,2026-09-03T09:09:10.287166+00:00,liq-004,Liquidity,recognition,level,2,constructed,0,17920,1
00000000-0000-0000-0000-000000000002-17,00000000-0000-0000-0000-000000000002,s-2-2,2026-09-03T09:09:32.345422+00:00,real-mss-009,MSS,recognition,level,2,real,0,17058,1
00000000-0000-0000-0000-000000000002-18,00000000-0000-0000-0000-000000000002,s-2-2,2026-09-03T09:09:56.658461+00:00,real-fvg-001,FVG,recognition,zone,1,real,1,19313,1
00000000-0000-0000-0000-000000000002-19,00000000-0000-0000-0000-000000000002,s-2-2,2026-09-03T09:10:19.337050+00:00,fvg-resp-003,FVG,recognition,choice,2,constructed,1,17678,1
00000000-0000-0000-0000-000000000002-20,00000000-0000-0000-0000-000000000002,s-2-3,2026-09-04T09:19:38.574075+00:00,ob-002,OrderBlock,recognition,zone,1,constructed,0,11438,1
00000000-0000-0000-0000-000000000002-21,00000000-0000-0000-0000-000000000002,s-2-3,2026-09-04T09:19:51.520904+00:00,real-fvg-007,FVG,recognition,zone,1,real,1,7946,1
00000000-0000-0000-0000-000000000002-22,00000000-0000-0000-0000-000000000002,s-2-3,2026-09-04T09:20:04.332362+00:00,liq-004,Liquidity,recognition,level,2,constructed,0,7811,1
00000000-0000-0000-0000-000000000002-23,00000000-0000-0000-0000-000000000002,s-2-3,2026-09-04T09:20:39.666162+00:00,ob-005,OrderBlock,recognition,zone,3,constructed,0,30333,1
00000000-0000-0000-0000-000000000002-24,00000000-0000-0000-0000-000000000002,s-2-3,2026-09-04T09:20:49.772187+00:00,mss-005,MSS,recognition,level,2,constructed,1,5106,1
00000000-0000-0000-0000-000000000002-25,00000000-0000-0000-0000-000000000002,s-2-3,2026-09-04T09:21:03.864232+00:00,ifvg-005,IFVG,recognition,zone,3,constructed,0,9092,1
00000000-0000-0000-0000-000000000002-26,00000000-0000-0000-0000-000000000002,s-2-3,2026-09-04T09:21:28.408211+00:00,real-fvg-006,FVG,recognition,zone,3,real,0,19543,1
00000000-0000-0000-0000-000000000002-27,00000000-0000-0000-0000-000000000002,s-2-3,2026-09-04T09:21:39.948403+00:00,fvg-resp-004,FVG,recognition,choice,2,constructed,0,6540,1
00000000-0000-0000-0000-000000000002-28,00000000-0000-0000-0000-000000000002,s-2-3,2026-09-04T09:21:55.386730+00:00,ifvg-005,IFVG,recognition,zone,3,constructed,1,10438,1
00000000-0000-0000-0000-000000000002-29,00000000-0000-0000-0000-000000000002,s-2-3,2026-09-04T09:22:13.249364+00:00,ob-003,OrderBlock,recognition,zone,2,constructed,1,12862,1
00000000-0000-0000-0000-000000000002-30,00000000-0000-0000-0000-000000000002,s-2-4,2026-09-05T02:45:29.923995+00:00,real-liq-002,Liquidity,recognition,level,2,real,0,36081,1
00000000-0000-0000-0000-000000000002-31,00000000-0000-0000-0000-000000000002,s-2-4,2026-09-05T02:45:41.398043+00:00,real-mss-006,MSS,recognition,level,3,real,0,6474,1
00000000-0000-0000-0000-000000000002-32,00000000-0000-0000-0000-000000000002,s-2-4,2026-09-05T02:45:51.994875+00:00,tliq-005,TimeLiquidity,recognition,level,3,constructed,0,5596,1
00000000-0000-0000-0000-000000000002-33,00000000-0000-0000-0000-000000000002,s-2-4,2026-09-05T02:46:02.031852+00:00,tliq-004,TimeLiquidity,recognition,level,2,constructed,0,5036,1
00000000-0000-0000-0000-000000000002-34,00000000-0000-0000-0000-000000000002,s-2-4,2026-09-05T02:46:26.296797+00:00,real-liq-007,Liquidity,recognition,level,1,real,0,19264,1
00000000-0000-0000-0000-000000000002-35,00000000-0000-0000-0000-000000000002,s-2-4,2026-09-05T02:46:46.181219+00:00,mss-004,MSS,recognition,level,2,constructed,0,14884,1
00000000-0000-0000-0000-000000000002-36,00000000-0000-0000-0000-000000000002,s-2-4,2026-09-05T02:46:58.802356+00:00,ifvg-resp-005,IFVG,recognition,choice,3,constructed,1,7621,1
00000000-0000-0000-0000-000000000002-37,00000000-0000-0000-0000-000000000002,s-2-4,2026-09-05T02:47:18.244338+00:00,ifvg-005,IFVG,recognition,zone,3,constructed,0,14441,1
00000000-0000-0000-0000-000000000002-38,00000000-0000-0000-0000-000000000002,s-2-4,2026-09-05T02:47:48.079033+00:00,ifvg-resp-003,IFVG,recognition,choice,2,constructed,0,24834,1
00000000-0000-0000-0000-000000000002-39,00000000-0000-0000-0000-000000000002,s-2-4,2026-09-05T02:48:09.117668+00:00,real-liq-002,Liquidity,recognition,level,2,real,1,16038,1
00000000-0000-0000-0000-000000000002-40,00000000-0000-0000-0000-000000000002,s-2-5,2026-09-05T19:52:29.971641+00:00,fvg-resp-005,FVG,recognition,choice,3,constructed,0,25100,1
00000000-0000-0000-0000-000000000002-41,00000000-0000-0000-0000-000000000002,s-2-5,2026-09-05T19:53:02.254173+00:00,liq-002,Liquidity,recognition,level,1,constructed,1,27282,1
00000000-0000-0000-0000-000000000002-42,00000000-0000-0000-0000-000000000002,s-2-5,2026-09-05T19:53:15.037263+00:00,ifvg-resp-005,IFVG,recognition,choice,3,constructed,1,7783,1
00000000-0000-0000-0000-000000000002-43,00000000-0000-0000-0000-000000000002,s-2-5,2026-09-05T19:53:33.732990+00:00,pd-004,PremiumDiscount,recognition,choice,2,constructed,1,13695,1
00000000-0000-0000-0000-000000000002-44,00000000-0000-0000-0000-000000000002,s-2-5,2026-09-05T19:53:51.508566+00:00,pd-005,PremiumDiscount,recognition,choice,3,constructed,0,12775,1
00000000-0000-0000-0000-000000000002-45,00000000-0000-0000-0000-000000000002,s-2-5,2026-09-05T19:54:07.384367+00:00,fvg-005,FVG,recognition,zone,3,constructed,0,10875,1
00000000-0000-0000-0000-000000000002-46,00000000-0000-0000-0000-000000000002,s-2-5,2026-09-05T19:54:32.028668+00:00,pd-004,PremiumDiscount,recognition,choice,2,constructed,1,19644,1
00000000-0000-0000-0000-000000000002-47,00000000-0000-0000-0000-000000000002,s-2-5,2026-09-05T19:54:50.964932+00:00,ifvg-resp-001,IFVG,recognition,choice,2,constructed,1,13936,1
00000000-0000-0000-0000-000000000002-48,00000000-0000-0000-0000-000000000002,s-2-5,2026-09-05T19:55:06.985481+00:00,ifvg-resp-004,IFVG,recognition,choice,2,constructed,1,11020,1
00000000-0000-0000-0000-000000000002-49,00000000-0000-0000-0000-000000000002,s-2-5,2026-09-05T19:55:26.305733+00:00,liq-005,Liquidity,recognition,level,3,constructed,0,14320,1
00000000-0000-0000-0000-000000000002-50,00000000-0000-0000-0000-000000000002,s-2-6,2026-09-07T02:30:50.031087+00:00,real-fvg-006,FVG,recognition,zone,3,real,1,6449,1
00000000-0000-0000-0000-000000000002-51,00000000-0000-0000-0000-000000000002,s-2-6,2026-09-07T02:31:09.227437+00:00,real-fvg-010,FVG,recognition,zone,1,real,1,14196,1
00000000-0000-0000-0000-000000000002-52,00000000-0000-0000-0000-000000000002,s-2-6,2026-09-07T02:31:25.826777+00:00,real-liq-008,Liquidity,recognition,level,2,real,0,11599,1
00000000-0000-0000-0000-000000000002-53,00000000-0000-0000-0000-000000000002,s-2-6,2026-09-07T02:31:54.519756+00:00,real-fvg-007,FVG,recognition,zone,1,real,1,23692,1
00000000-0000-0000-0000-000000000002-54,00000000-0000-0000-0000-000000000002,s-2-6,2026-09-07T02:32:26.161333+00:00,real-liq-004,Liquidity,recognition,level,1,real,1,26641,1
00000000-0000-0000-0000-000000000002-55,00000000-0000-0000-0000-000000000002,s-2-6,2026-09-07T02:32:39.901614+00:00,real-fvg-003,FVG,recognition,zone,3,real,1,8740,1
00000000-0000-0000-0000-000000000002-56,00000000-0000-0000-0000-000000000002,s-2-6,2026-09-07T02:32:55.350768+00:00,real-fvg-002,FVG,recognition,zone,2,real,1,10449,1
00000000-0000-0000-0000-000000000002-57,00000000-0000-0000-0000-000000000002,s-2-6,2026-09-07T02:33:11.781020+00:00,ifvg-resp-002,IFVG,recognition,choice,2,constructed,1,11430,1
00000000-0000-0000-0000-000000000002-58,00000000-0000-0000-0000-000000000002,s-2-6,2026-09-07T02:33:36.536538+00:00,real-fvg-003,FVG,recognition,zone,3,real,1,19755,1
00000000-0000-0000-0000-000000000002-59,00000000-0000-0000-0000-000000000002,s-2-6,2026-09-07T02:34:03.172539+00:00,ifvg-resp-002,IFVG,recognition,choice,2,constructed,1,21636,1
00000000-0000-0000-0000-000000000002-60,00000000-0000-0000-0000-000000000002,s-2-7,2026-09-08T05:16:40.711408+00:00,real-liq-010,Liquidity,recognition,level,1,real,1,14835,1
00000000-0000-0000-0000-000000000002-61,00000000-0000-0000-0000-000000000002,s-2-7,2026-09-08T05:17:01.227463+00:00,ifvg-002,IFVG,recognition,zone,1,constructed,1,15516,1
00000000-0000-0000-0000-000000000002-62,00000000-0000-0000-0000-000000000002,s-2-7,2026-09-08T05:17:21.685775+00:00,ifvg-004,IFVG,recognition,zone,2,constructed,1,15458,1
00000000-0000-0000-0000-000000000002-63,00000000-0000-0000-0000-000000000002,s-2-7,2026-09-08T05:17:41.242986+00:00,real-fvg-008,FVG,recognition,zone,2,real,1,14557,1
00000000-0000-0000-0000-000000000002-64,00000000-0000-0000-0000-000000000002,s-2-7,2026-09-08T05:18:00.377224+00:00,liq-002,Liquidity,recognition,level,1,constructed,1,14134,1
00000000-0000-0000-0000-000000000002-65,00000000-0000-0000-0000-000000000002,s-2-7,2026-09-08T05:18:21.496548+00:00,ifvg-resp-004,IFVG,recognition,choice,2,constructed,1,16119,1
00000000-0000-0000-0000-000000000002-66,00000000-0000-0000-0000-000000000002,s-2-7,2026-09-08T05:18:36.907361+00:00,real-fvg-005,FVG,recognition,zone,2,real,0,10410,1
00000000-0000-0000-0000-000000000002-67,00000000-0000-0000-0000-000000000002,s-2-7,2026-09-08T05:18:56.591427+00:00,pd-005,PremiumDiscount,recognition,choice,3,constructed,0,14684,1
00000000-0000-0000-0000-000000000002-68,00000000-0000-0000-0000-000000000002,s-2-7,2026-09-08T05:19:17.799008+00:00,liq-002,Liquidity,recognition,level,1,constructed,0,16207,1
00000000-0000-0000-0000-000000000002-69,00000000-0000-0000-0000-000000000002,s-2-7,2026-09-08T05:19:32.298879+00:00,real-liq-005,Liquidity,recognition,level,2,real,0,9499,1
00000000-0000-0000-0000-000000000002-70,00000000-0000-0000-0000-000000000002,s-2-8,2026-09-09T20:06:15.050231+00:00,real-liq-008,Liquidity,recognition,level,2,real,0,14000,1
00000000-0000-0000-0000-000000000002-71,00000000-0000-0000-0000-000000000002,s-2-8,2026-09-09T20:06:40.791343+00:00,pd-005,PremiumDiscount,recognition,choice,3,constructed,1,20741,1
00000000-0000-0000-0000-000000000002-72,00000000-0000-0000-0000-000000000002,s-2-8,2026-09-09T20:06:53.919037+00:00,liq-003,Liquidity,recognition,level,2,constructed,1,8127,1
00000000-0000-0000-0000-000000000002-73,00000000-0000-0000-0000-000000000002,s-2-8,2026-09-09T20:07:03.126081+00:00,fvg-001,FVG,recognition,zone,1,constructed,1,4207,1
00000000-0000-0000-0000-000000000002-74,00000000-0000-0000-0000-000000000002,s-2-8,2026-09-09T20:07:33.307316+00:00,mss-002,MSS,recognition,level,1,constructed,1,25181,1
00000000-0000-0000-0000-000000000002-75,00000000-0000-0000-0000-000000000002,s-2-8,2026-09-09T20:07:53.332882+00:00,ifvg-005,IFVG,recognition,zone,3,constructed,0,15025,1
00000000-0000-0000-0000-000000000002-76,00000000-0000-0000-0000-000000000002,s-2-8,2026-09-09T20:08:19.460988+00:00,pd-003,PremiumDiscount,recognition,choice,2,constructed,1,21128,1
00000000-0000-0000-0000-000000000002-77,00000000-0000-0000-0000-000000000002,s-2-8,2026-09-09T20:09:15.092014+00:00,real-liq-007,Liquidity,recognition,level,1,real,0,50631,1
00000000-0000-0000-0000-000000000002-78,00000000-0000-0000-0000-000000000002,s-2-8,2026-09-09T20:09:27.649423+00:00,fvg-005,FVG,recognition,zone,3,constructed,1,7557,1
00000000-0000-0000-0000-000000000002-79,00000000-0000-0000-0000-000000000002,s-2-8,2026-09-09T20:09:57.215890+00:00,real-fvg-006,FVG,recognition,zone,3,real,1,24566,1
00000000-0000-0000-0000-000000000002-80,00000000-0000-0000-0000-000000000002,s-2-9,2026-09-10T13:33:46.098273+00:00,real-fvg-008,FVG,recognition,zone,2,real,1,20339,1
00000000-0000-0000-0000-000000000002-81,00000000-0000-0000-0000-000000000002,s-2-9,2026-09-10T13:34:10.531461+00:00,real-fvg-007,FVG,recognition,zone,1,real,1,19433,1
00000000-0000-0000-0000-000000000003-0,00000000-0000-0000-0000-000000000003,s-3-1,2026-09-03T06:29:55.249374+00:00,ifvg-004,IFVG,recognition,zone,2,constructed,1,6215,1
00000000-0000-0000-0000-000000000003-1,00000000-0000-0000-0000-000000000003,s-3-1,2026-09-03T06:30:08.722931+00:00,real-fvg-009,FVG,recognition,zone,3,real,0,8473,1
00000000-0000-0000-0000-000000000003-2,00000000-0000-0000-0000-000000000003,s-3-1,2026-09-03T06:30:30.899392+00:00,pd-005,PremiumDiscount,recognition,choice,3,constructed,1,17176,1
00000000-0000-0000-0000-000000000003-3,00000000-0000-0000-0000-000000000003,s-3-1,2026-09-03T06:30:41.973386+00:00,ifvg-002,IFVG,recognition,zone,1,constructed,0,6073,1
00000000-0000-0000-0000-000000000003-4,00000000-0000-0000-0000-000000000003,s-3-1,2026-09-03T06:31:00.464650+00:00,real-fvg-005,FVG,recognition,zone,2,real,0,13491,1
00000000-0000-0000-0000-000000000003-5,00000000-0000-0000-0000-000000000003,s-3-1,2026-09-03T06:31:27.358954+00:00,liq-001,Liquidity,recognition,level,1,constructed,1,21894,1
00000000-0000-0000-0000-000000000003-6,00000000-0000-0000-0000-000000000003,s-3-1,2026-09-03T06:31:59.128654+00:00,real-liq-005,Liquidity,recognition,level,2,real,1,26769,1
00000000-0000-0000-0000-000000000003-7,00000000-0000-0000-0000-000000000003,s-3-1,2026-09-03T06:32:14.616994+00:00,mss-003,MSS,recognition,level,3,constructed,0,10488,1
00000000-0000-0000-0000-000000000003-8,00000000-0000-0000-0000-000000000003,s-3-1,2026-09-03T06:32:45.456896+00:00,liq-003,Liquidity,recognition,level,2,constructed,0,25839,1
00000000-0000-0000-0000-000000000003-9,00000000-0000-0000-0000-000000000003,s-3-1,2026-09-03T06:32:55.538301+00:00,liq-002,Liquidity,recognition,level,1,constructed,1,5081,1
00000000-0000-0000-0000-000000000003-10,00000000-0000-0000-0000-000000000003,s-3-2,2026-09-04T01:14:03.586933+00:00,real-fvg-003,FVG,recognition,zone,3,real,1,19472,1
00000000-0000-0000-0000-000000000003-11,00000000-0000-0000-0000-000000000003,s-3-2,2026-09-04T01:14:13.702228+00:00,ifvg-005,IFVG,recognition,zone,3,constructed,1,5115,1
00000000-0000-0000-0000-000000000003-12,00000000-0000-0000-0000-000000000003,s-3-2,2026-09-04T01:14:47.985686+00:00,real-mss-008,MSS,recognition,level,1,real,1,29283,1
00000000-0000-0000-0000-000000000003-13,00000000-0000-0000-0000-000000000003,s-3-2,2026-09-04T01:15:19.329862+00:00,real-liq-003,Liquidity,recognition,level,3,real,1,26344,1
00000000-0000-0000-0000-000000000003-14,00000000-0000-0000-0000-000000000003,s-3-2,2026-09-04T01:15:44.239817+00:00,liq-002,Liquidity,recognition,level,1,constructed,0,19909,1
00000000-0000-0000-0000-000000000003-15,00000000-0000-0000-0000-000000000003,s-3-2,2026-09-04T01:16:02.348653+00:00,fvg-resp-004,FVG,recognition,choice,2,constructed,1,13108,1
00000000-0000-0000-0000-000000000003-16,00000000-0000-0000-0000-000000000003,s-3-2,2026-09-04T01:16:20.810359+00:00,ifvg-resp-002,IFVG,recognition,choice,2,constructed,1,13461,1
00000000-0000-0000-0000-000000000003-17,00000000-0000-0000-0000-000000000003,s-3-2,2026-09-04T01:16:33.570365+00:00,real-mss-007,MSS,recognition,level,1,real,0,7760,1
00000000-0000-0000-0000-000000000003-18,00000000-0000-0000-0000-000000000003,s-3-2,2026-09-04T01:16:51.782804+00:00,pd-001,PremiumDiscount,recognition,choice,1,constructed,1,13212,1
00000000-0000-0000-0000-000000000003-19,00000000-0000-0000-0000-000000000003,s-3-2,2026-09-04T01:17:12.452866+00:00,real-mss-004,MSS,recognition,level,1,real,0,15670,1
00000000-0000-0000-0000-000000000003-20,00000000-0000-0000-0000-000000000003,s-3-3,2026-09-04T10:36:45.376497+00:00,mss-005,MSS,recognition,level,2,constructed,0,8078,1
00000000-0000-0000-0000-000000000003-21,00000000-0000-0000-0000-000000000003,s-3-3,2026-09-04T10:37:09.880262+00:00,mss-003,MSS,recognition,level,3,constructed,1,19503,1
00000000-0000-0000-0000-000000000003-22,00000000-0000-0000-0000-000000000003,s-3-3,2026-09-04T10:37:53.104904+00:00,real-liq-005,Liquidity,recognition,level,2,real,1,38224,1
00000000-0000-0000-0000-000000000003-23,00000000-0000-0000-0000-000000000003,s-3-3,2026-09-04T10:38:06.327941+00:00,mss-004,MSS,recognition,level,2,constructed,0,8223,1
00000000-0000-0000-0000-000000000003-24,00000000-0000-0000-0000-000000000003,s-3-3,2026-09-04T10:38:18.576290+00:00,pd-005,PremiumDiscount,recognition,choice,3,constructed,1,7248,1
00000000-0000-0000-0000-000000000003-25,00000000-0000-0000-0000-000000000003,s-3-3,2026-09-04T10:38:38.624745+00:00,real-liq-003,Liquidity,recognition,level,3,real,0,15048,1
00000000-0000-0000-0000-000000000003-26,00000000-0000-0000-0000-000000000003,s-3-3,2026-09-04T10:38:52.924407+00:00,real-liq-002,Liquidity,recognition,level,2,real,0,9299,1
00000000-0000-0000-0000-000000000003-27,00000000-0000-0000-0000-000000000003,s-3-3,2026-09-04T10:39:12.578996+00:00,ifvg-resp-002,IFVG,recognition,choice,2,constructed,1,14654,1
00000000-0000-0000-0000-000000000003-28,00000000-0000-0000-0000-000000000003,s-3-3,2026-09-04T10:39:32.168946+00:00,liq-005,Liquidity,recognition,level,3,constructed,1,14589,1
00000000-0000-0000-0000-000000000003-29,00000000-0000-0000-0000-000000000003,s-3-3,2026-09-04T10:39:48.726433+00:00,ifvg-005,IFVG,recognition,zone,3,constructed,0,11557,1
00000000-0000-0000-0000-000000000003-30,00000000-0000-0000-0000-000000000003,s-3-4,2026-09-05T18:11:56.606898+00:00,real-fvg-010,FVG,recognition,zone,1,real,0,14263,1
00000000-0000-0000-0000-000000000003-31,00000000-0000-0000-0000-000000000003,s-3-4,2026-09-05T18:12:12.260839+00:00,liq-004,Liquidity,recognition,level,2,constructed,0,10653,1
00000000-0000-0000-0000-000000000003-32,00000000-0000-0000-0000-000000000003,s-3-4,2026-09-05T18:12:28.560790+00:00,liq-003,Liquidity,recognition,level,2,constructed,1,11299,1
00000000-0000-0000-0000-000000000003-33,00000000-0000-0000-0000-000000000003,s-3-4,2026-09-05T18:12:43.401597+00:00,real-liq-001,Liquidity,recognition,level,1,real,1,9840,1
00000000-0000-0000-0000-000000000003-34,00000000-0000-0000-0000-000000000003,s-3-4,2026-09-05T18:13:04.539631+00:00,ifvg-resp-002,IFVG,recognition,choice,2,constructed,0,16138,1
00000000-0000-0000-0000-000000000003-35,00000000-0000-0000-0000-000000000003,s-3-4,2026-09-05T18:13:34.113841+00:00,real-liq-005,Liquidity,recognition,level,2,real,1,24574,1
00000000-0000-0000-0000-000000000003-36,00000000-0000-0000-0000-000000000003,s-3-4,2026-09-05T18:13:49.919674+00:00,ifvg-005,IFVG,recognition,zone,3,constructed,0,10805,1
00000000-0000-0000-0000-000000000003-37,00000000-0000-0000-0000-000000000003,s-3-4,2026-09-05T18:14:00.859445+00:00,real-fvg-008,FVG,recognition,zone,2,real,1,5939,1
00000000-0000-0000-0000-000000000003-38,00000000-0000-0000-0000-000000000003,s-3-4,2026-09-05T18:14:21.108310+00:00,fvg-005,FVG,recognition,zone,3,constructed,1,15248,1
00000000-0000-0000-0000-000000000003-39,00000000-0000-0000-0000-000000000003,s-3-4,2026-09-05T18:14:41.421950+00:00,fvg-003,FVG,recognition,zone,2,constructed,1,15313,1
00000000-0000-0000-0000-000000000003-40,00000000-0000-0000-0000-000000000003,s-3-5,2026-09-06T11:40:06.681313+00:00,real-mss-002,MSS,recognition,level,2,real,1,17198,1
00000000-0000-0000-0000-000000000003-41,00000000-0000-0000-0000-000000000003,s-3-5,2026-09-06T11:40:42.841994+00:00,real-liq-006,Liquidity,recognition,level,3,real,1,31160,1
00000000-0000-0000-0000-000000000003-42,00000000-0000-0000-0000-000000000003,s-3-5,2026-09-06T11:41:05.086644+00:00,real-liq-001,Liquidity,recognition,level,1,real,1,17244,1
00000000-0000-0000-0000-000000000003-43,00000000-0000-0000-0000-000000000003,s-3-5,2026-09-06T11:41:23.521898+00:00,real-liq-005,Liquidity,recognition,level,2,real,1,13435,1
00000000-0000-0000-0000-000000000003-44,00000000-0000-0000-0000-000000000003,s-3-5,2026-09-06T11:41:34.640686+00:00,mss-004,MSS,recognition,level,2,constructed,1,6118,1
00000000-0000-0000-0000-000000000003-45,00000000-0000-0000-0000-000000000003,s-3-5,2026-09-06T11:41:49.823554+00:00,real-fvg-008,FVG,recognition,zone,2,real,1,10182,1
00000000-0000-0000-0000-000000000003-46,00000000-0000-0000-0000-000000000003,s-3-5,2026-09-06T11:42:10.564772+00:00,tliq-002,TimeLiquidity,recognition,level,2,constructed,0,15741,1
00000000-0000-0000-0000-000000000003-47,00000000-0000-0000-0000-000000000003,s-3-5,2026-09-06T11:42:38.584626+00:00,real-fvg-003,FVG,recognition,zone,3,real,0,23019,1
00000000-0000-0000-0000-000000000003-48,00000000-0000-0000-0000-000000000003,s-3-5,2026-09-06T11:42:55.199330+00:00,real-liq-006,Liquidity,recognition,level,3,real,1,11614,1
00000000-0000-0000-0000-000000000003-49,00000000-0000-0000-0000-000000000003,s-3-5,2026-09-06T11:43:17.546990+00:00,real-mss-005,MSS,recognition,level,2,real,1,17347,1
00000000-0000-0000-0000-000000000003-50,00000000-0000-0000-0000-000000000003,s-3-6,2026-09-06T20:40:39.028987+00:00,real-fvg-003,FVG,recognition,zone,3,real,0,48072,1
00000000-0000-0000-0000-000000000003-51,00000000-0000-0000-0000-000000000003,s-3-6,2026-09-06T20:40:57.778717+00:00,tliq-004,TimeLiquidity,recognition,level,2,constructed,1,13749,1
00000000-0000-0000-0000-000000000003-52,00000000-0000-0000-0000-000000000003,s-3-6,2026-09-06T20:41:07.196769+00:00,fvg-002,FVG,recognition,zone,1,constructed,1,4418,1
00000000-0000-0000-0000-000000000003-53,00000000-0000-0000-0000-000000000003,s-3-6,2026-09-06T20:41:27.074426+00:00,real-mss-003,MSS,recognition,level,3,real,0,14877,1
00000000-0000-0000-0000-000000000003-54,00000000-0000-0000-0000-000000000003,s-3-6,2026-09-06T20:41:47.281681+00:00,fvg-001,FVG,recognition,zone,1,constructed,1,15207,1
00000000-0000-0000-0000-000000000003-55,00000000-0000-0000-0000-000000000003,s-3-6,2026-09-06T20:41:58.603809+00:00,real-liq-005,Liquidity,recognition,level,2,real,1,6322,1
00000000-0000-0000-0000-000000000003-56,00000000-0000-0000-0000-000000000003,s-3-6,2026-09-06T20:42:42.674372+00:00,real-mss-006,MSS,recognition,level,3,real,1,39070,1
00000000-0000-0000-0000-000000000003-57,00000000-0000-0000-0000-000000000003,s-3-6,2026-09-06T20:43:02.078453+00:00,ifvg-004,IFVG,recognition,zone,2,constructed,0,14404,1
00000000-0000-0000-0000-000000000003-58,00000000-0000-0000-0000-000000000003,s-3-6,2026-09-06T20:43:27.996164+00:00,liq-002,Liquidity,recognition,level,1,constructed,1,20917,1
00000000-0000-0000-0000-000000000003-59,00000000-0000-0000-0000-000000000003,s-3-6,2026-09-06T20:43:42.662005+00:00,mss-003,MSS,recognition,level,3,constructed,0,9665,1
00000000-0000-0000-0000-000000000003-60,00000000-0000-0000-0000-000000000003,s-3-7,2026-09-07T20:41:23.229671+00:00,ob-004,OrderBlock,recognition,zone,2,constructed,1,15790,1
00000000-0000-0000-0000-000000000003-61,00000000-0000-0000-0000-000000000003,s-3-7,2026-09-07T20:41:35.649017+00:00,fvg-004,FVG,recognition,zone,2,constructed,1,7419,1
00000000-0000-0000-0000-000000000003-62,00000000-0000-0000-0000-000000000003,s-3-7,2026-09-07T20:41:59.564518+00:00,real-mss-008,MSS,recognition,level,1,real,1,18915,1
00000000-0000-0000-0000-000000000003-63,00000000-0000-0000-0000-000000000003,s-3-7,2026-09-07T20:42:18.039514+00:00,fvg-resp-003,FVG,recognition,choice,2,constructed,1,13474,1
00000000-0000-0000-0000-000000000003-64,00000000-0000-0000-0000-000000000003,s-3-7,2026-09-07T20:42:28.406822+00:00,pd-004,PremiumDiscount,recognition,choice,2,constructed,1,5367,1
00000000-0000-0000-0000-000000000003-65,00000000-0000-0000-0000-000000000003,s-3-7,2026-09-07T20:42:49.697308+00:00,tliq-001,TimeLiquidity,recognition,level,1,constructed,1,16290,1
00000000-0000-0000-0000-000000000003-66,00000000-0000-0000-0000-000000000003,s-3-7,2026-09-07T20:43:08.921392+00:00,liq-003,Liquidity,recognition,level,2,constructed,0,14224,1
00000000-0000-0000-0000-000000000003-67,00000000-0000-0000-0000-000000000003,s-3-7,2026-09-07T20:43:20.704836+00:00,real-liq-004,Liquidity,recognition,level,1,real,0,6783,1
00000000-0000-0000-0000-000000000003-68,00000000-0000-0000-0000-000000000003,s-3-7,2026-09-07T20:43:41.972366+00:00,real-mss-001,MSS,recognition,level,1,real,1,16267,1
00000000-0000-0000-0000-000000000003-69,00000000-0000-0000-0000-000000000003,s-3-7,2026-09-07T20:43:57.539346+00:00,real-mss-002,MSS,recognition,level,2,real,1,10566,1
00000000-0000-0000-0000-000000000003-70,00000000-0000-0000-0000-000000000003,s-3-8,2026-09-08T09:12:10.958262+00:00,real-mss-006,MSS,recognition,level,3,real,1,10290,1
00000000-0000-0000-0000-000000000003-71,00000000-0000-0000-0000-000000000003,s-3-8,2026-09-08T09:12:25.539112+00:00,real-fvg-001,FVG,recognition,zone,1,real,1,9580,1
00000000-0000-0000-0000-000000000003-72,00000000-0000-0000-0000-000000000003,s-3-8,2026-09-08T09:12:46.626044+00:00,tliq-002,TimeLiquidity,recognition,level,2,constructed,0,16086,1
00000000-0000-0000-0000-000000000003-73,00000000-0000-0000-0000-000000000003,s-3-8,2026-09-08T09:13:02.610354+00:00,fvg-resp-005,FVG,recognition,choice,3,constructed,1,10984,1
00000000-0000-0000-0000-000000000003-74,00000000-0000-0000-0000-000000000003,s-3-8,2026-09-08T09:13:19.929505+00:00,real-liq-008,Liquidity,recognition,level,2,real,0,12319,1
00000000-0000-0000-0000-000000000003-75,00000000-0000-0000-0000-000000000003,s-3-8,2026-09-08T09:13:51.094227+00:00,real-liq-004,Liquidity,recognition,level,1,real,1,26164,1
00000000-0000-0000-0000-000000000003-76,00000000-0000-0000-0000-000000000003,s-3-8,2026-09-08T09:14:06.591613+00:00,real-mss-009,MSS,recognition,level,2,real,0,10497,1
00000000-0000-0000-0000-000000000003-77,00000000-0000-0000-0000-000000000003,s-3-8,2026-09-08T09:14:20.939382+00:00,mss-005,MSS,recognition,level,2,constructed,0,9347,1
00000000-0000-0000-0000-000000000003-78,00000000-0000-0000-0000-000000000003,s-3-8,2026-09-08T09:14:40.388362+00:00,ob-005,OrderBlock,recognition,zone,3,constructed,1,14448,1
00000000-0000-0000-0000-000000000003-79,00000000-0000-0000-0000-000000000003,s-3-8,2026-09-08T09:14:54.631207+00:00,liq-005,Liquidity,recognition,level,3,constructed,0,9242,1
00000000-0000-0000-0000-000000000003-80,00000000-0000-0000-0000-000000000003,s-3-9,2026-09-09T23:59:10.183339+00:00,real-liq-003,Liquidity,recognition,level,3,real,1,21628,1
00000000-0000-0000-0000-000000000003-81,00000000-0000-0000-0000-000000000003,s-3-9,2026-09-09T23:59:32.388619+00:00,pd-005,PremiumDiscount,recognition,choice,3,constructed,0,17205,1
00000000-0000-0000-0000-000000000003-82,00000000-0000-0000-0000-000000000003,s-3-9,2026-09-09T23:59:59.263992+00:00,pd-001,PremiumDiscount,recognition,choice,1,constructed,1,21875,1
00000000-0000-0000-0000-000000000003-83,00000000-0000-0000-0000-000000000003,s-3-9,2026-09-10T00:00:48.075967+00:00,ifvg-resp-003,IFVG,recognition,choice,2,constructed,1,43811,1
00000000-0000-0000-0000-000000000003-84,00000000-0000-0000-0000-000000000003,s-3-9,2026-09-10T00:01:02.733021+00:00,real-fvg-006,FVG,recognition,zone,3,real,1,9657,1
00000000-0000-0000-0000-000000000003-85,00000000-0000-0000-0000-000000000003,s-3-9,2026-09-10T00:01:25.837726+00:00,fvg-005,FVG,recognition,zone,3,constructed,0,18104,1
00000000-0000-0000-0000-000000000003-86,00000000-0000-0000-0000-000000000003,s-3-9,2026-09-10T00:01:49.344404+00:00,mss-001,MSS,recognition,level,1,constructed,1,18506,1
00000000-0000-0000-0000-000000000003-87,00000000-0000-0000-0000-000000000003,s-3-9,2026-09-10T00:02:07.517525+00:00,ifvg-resp-001,IFVG,recognition,choice,2,constructed,1,13173,1
00000000-0000-0000-0000-000000000003-88,00000000-0000-0000-0000-000000000003,s-3-9,2026-09-10T00:02:18.989738+00:00,fvg-resp-001,FVG,recognition,choice,1,constructed,1,6472,1
00000000-0000-0000-0000-000000000003-89,00000000-0000-0000-0000-000000000003,s-3-9,2026-09-10T00:03:13.590262+00:00,fvg-001,FVG,recognition,zone,1,constructed,1,49600,1
00000000-0000-0000-0000-000000000003-90,00000000-0000-0000-0000-000000000003,s-3-10,2026-09-10T21:51:27.293929+00:00,real-liq-007,Liquidity,recognition,level,1,real,1,8651,1
00000000-0000-0000-0000-000000000003-91,00000000-0000-0000-0000-000000000003,s-3-10,2026-09-10T21:51:44.357142+00:00,tliq-003,TimeLiquidity,recognition,level,1,constructed,1,12063,1
00000000-0000-0000-0000-000000000003-92,00000000-0000-0000-0000-000000000003,s-3-10,2026-09-10T21:52:02.749060+00:00,ifvg-002,IFVG,recognition,zone,1,constructed,1,13391,1
00000000-0000-0000-0000-000000000003-93,00000000-0000-0000-0000-000000000003,s-3-10,2026-09-10T21:52:19.136605+00:00,ifvg-003,IFVG,recognition,zone,3,constructed,1,11387,1
00000000-0000-0000-0000-000000000003-94,00000000-0000-0000-0000-000000000003,s-3-10,2026-09-10T21:52:32.444938+00:00,fvg-002,FVG,recognition,zone,1,constructed,1,8308,1
00000000-0000-0000-0000-000000000003-95,00000000-0000-0000-0000-000000000003,s-3-10,2026-09-10T21:52:56.298372+00:00,liq-002,Liquidity,recognition,level,1,constructed,1,18853,1
00000000-0000-0000-0000-000000000003-96,00000000-0000-0000-0000-000000000003,s-3-10,2026-09-10T21:53:27.732210+00:00,fvg-resp-002,FVG,recognition,choice,1,constructed,1,26433,1
00000000-0000-0000-0000-000000000003-97,00000000-0000-0000-0000-000000000003,s-3-10,2026-09-10T21:53:43.272311+00:00,liq-002,Liquidity,recognition,level,1,constructed,1,10540,1
00000000-0000-0000-0000-000000000003-98,00000000-0000-0000-0000-000000000003,s-3-10,2026-09-10T21:54:01.680243+00:00,mss-004,MSS,recognition,level,2,constructed,1,13407,1
00000000-0000-0000-0000-000000000003-99,00000000-0000-0000-0000-000000000003,s-3-10,2026-09-10T21:54:27.663968+00:00,ifvg-004,IFVG,recognition,zone,2,constructed,1,20983,1
00000000-0000-0000-0000-000000000003-100,00000000-0000-0000-0000-000000000003,s-3-11,2026-09-11T10:33:39.356406+00:00,fvg-resp-002,FVG,recognition,choice,1,constructed,1,13561,1
00000000-0000-0000-0000-000000000003-101,00000000-0000-0000-0000-000000000003,s-3-11,2026-09-11T10:33:59.162079+00:00,liq-005,Liquidity,recognition,level,3,constructed,1,14805,1
00000000-0000-0000-0000-000000000003-102,00000000-0000-0000-0000-000000000003,s-3-11,2026-09-11T10:34:17.824594+00:00,fvg-resp-004,FVG,recognition,choice,2,constructed,0,13662,1
00000000-0000-0000-0000-000000000003-103,00000000-0000-0000-0000-000000000003,s-3-11,2026-09-11T10:34:47.774381+00:00,ob-002,OrderBlock,recognition,zone,1,constructed,0,24949,1
00000000-0000-0000-0000-000000000003-104,00000000-0000-0000-0000-000000000003,s-3-11,2026-09-11T10:35:10.696809+00:00,mss-004,MSS,recognition,level,2,constructed,0,17922,1
00000000-0000-0000-0000-000000000003-105,00000000-0000-0000-0000-000000000003,s-3-11,2026-09-11T10:35:21.937141+00:00,pd-001,PremiumDiscount,recognition,choice,1,constructed,1,6240,1
00000000-0000-0000-0000-000000000003-106,00000000-0000-0000-0000-000000000003,s-3-11,2026-09-11T10:35:43.038922+00:00,real-liq-002,Liquidity,recognition,level,2,real,1,16101,1
00000000-0000-0000-0000-000000000003-107,00000000-0000-0000-0000-000000000003,s-3-11,2026-09-11T10:35:57.286178+00:00,real-liq-005,Liquidity,recognition,level,2,real,1,9247,1
00000000-0000-0000-0000-000000000003-108,00000000-0000-0000-0000-000000000003,s-3-11,2026-09-11T10:36:14.942808+00:00,real-liq-004,Liquidity,recognition,level,1,real,0,12656,1
00000000-0000-0000-0000-000000000003-109,00000000-0000-0000-0000-000000000003,s-3-11,2026-09-11T10:36:34.187857+00:00,ifvg-resp-001,IFVG,recognition,choice,2,constructed,0,14245,1
00000000-0000-0000-0000-000000000003-110,00000000-0000-0000-0000-000000000003,s-3-12,2026-09-12T18:32:09.137682+00:00,tliq-004,TimeLiquidity,recognition,level,2,constructed,0,9215,1
00000000-0000-0000-0000-000000000003-111,00000000-0000-0000-0000-000000000003,s-3-12,2026-09-12T18:32:23.610843+00:00,ifvg-002,IFVG,recognition,zone,1,constructed,1,9473,1
00000000-0000-0000-0000-000000000003-112,00000000-0000-0000-0000-000000000003,s-3-12,2026-09-12T18:33:02.155444+00:00,liq-003,Liquidity,recognition,level,2,constructed,1,33544,1
00000000-0000-0000-0000-000000000003-113,00000000-0000-0000-0000-000000000003,s-3-12,2026-09-12T18:33:22.065156+00:00,ifvg-003,IFVG,recognition,zone,3,constructed,0,14909,1
00000000-0000-0000-0000-000000000003-114,00000000-0000-0000-0000-000000000003,s-3-12,2026-09-12T18:33:41.859687+00:00,real-fvg-007,FVG,recognition,zone,1,real,0,14794,1
00000000-0000-0000-0000-000000000003-115,00000000-0000-0000-0000-000000000003,s-3-12,2026-09-12T18:33:52.894321+00:00,real-fvg-003,FVG,recognition,zone,3,real,1,6034,1
00000000-0000-0000-0000-000000000003-116,00000000-0000-0000-0000-000000000003,s-3-12,2026-09-12T18:34:10.131899+00:00,real-mss-005,MSS,recognition,level,2,real,0,12237,1
00000000-0000-0000-0000-000000000003-117,00000000-0000-0000-0000-000000000003,s-3-12,2026-09-12T18:34:36.239161+00:00,pd-002,PremiumDiscount,recognition,choice,1,constructed,1,21107,1
00000000-0000-0000-0000-000000000003-118,00000000-0000-0000-0000-000000000003,s-3-12,2026-09-12T18:35:05.229153+00:00,real-liq-010,Liquidity,recognition,level,1,real,1,23989,1
00000000-0000-0000-0000-000000000003-119,00000000-0000-0000-0000-000000000003,s-3-12,2026-09-12T18:35:17.504290+00:00,pd-001,PremiumDiscount,recognition,choice,1,constructed,1,7275,1
00000000-0000-0000-0000-000000000003-120,00000000-0000-0000-0000-000000000003,s-3-13,2026-09-14T01:43:57.816092+00:00,pd-005,PremiumDiscount,recognition,choice,3,constructed,1,9184,1
00000000-0000-0000-0000-000000000003-121,00000000-0000-0000-0000-000000000003,s-3-13,2026-09-14T01:44:13.041630+00:00,pd-004,PremiumDiscount,recognition,choice,2,constructed,1,10225,1
00000000-0000-0000-0000-000000000003-122,00000000-0000-0000-0000-000000000003,s-3-13,2026-09-14T01:45:11.223968+00:00,fvg-resp-001,FVG,recognition,choice,1,constructed,1,53182,1
00000000-0000-0000-0000-000000000003-123,00000000-0000-0000-0000-000000000003,s-3-13,2026-09-14T01:45:29.528913+00:00,ifvg-resp-004,IFVG,recognition,choice,2,constructed,1,13304,1
00000000-0000-0000-0000-000000000003-124,00000000-0000-0000-0000-000000000003,s-3-13,2026-09-14T01:45:43.421864+00:00,tliq-002,TimeLiquidity,recognition,level,2,constructed,1,8892,1
00000000-0000-0000-0000-000000000003-125,00000000-0000-0000-0000-000000000003,s-3-13,2026-09-14T01:45:56.537755+00:00,ob-005,OrderBlock,recognition,zone,3,constructed,1,8115,1
00000000-0000-0000-0000-000000000003-126,00000000-0000-0000-0000-000000000003,s-3-13,2026-09-14T01:46:18.069506+00:00,ifvg-003,IFVG,recognition,zone,3,constructed,0,16531,1
00000000-0000-0000-0000-000000000003-127,00000000-0000-0000-0000-000000000003,s-3-13,2026-09-14T01:46:25.894399+00:00,real-mss-003,MSS,recognition,level,3,real,1,2824,1
00000000-0000-0000-0000-000000000003-128,00000000-0000-0000-0000-000000000003,s-3-13,2026-09-14T01:46:42.199150+00:00,real-fvg-009,FVG,recognition,zone,3,real,1,11304,1
00000000-0000-0000-0000-000000000003-129,00000000-0000-0000-0000-000000000003,s-3-13,2026-09-14T01:47:22.126761+00:00,tliq-003,TimeLiquidity,recognition,level,1,constructed,1,34927,1
00000000-0000-0000-0000-000000000003-130,00000000-0000-0000-0000-000000000003,s-3-14,2026-09-15T17:11:49.723749+00:00,real-fvg-002,FVG,recognition,zone,2,real,1,20019,1
00000000-0000-0000-0000-000000000003-131,00000000-0000-0000-0000-000000000003,s-3-14,2026-09-15T17:11:59.929423+00:00,liq-003,Liquidity,recognition,level,2,constructed,1,5205,1
00000000-0000-0000-0000-000000000003-132,00000000-0000-0000-0000-000000000003,s-3-14,2026-09-15T17:12:15.171361+00:00,real-fvg-005,FVG,recognition,zone,2,real,1,10241,1
00000000-0000-0000-0000-000000000003-133,00000000-0000-0000-0000-000000000003,s-3-14,2026-09-15T17:12:42.819240+00:00,real-fvg-002,FVG,recognition,zone,2,real,1,22647,1
00000000-0000-0000-0000-000000000003-134,00000000-0000-0000-0000-000000000003,s-3-14,2026-09-15T17:13:02.331902+00:00,real-liq-002,Liquidity,recognition,level,2,real,1,14512,1
00000000-0000-0000-0000-000000000003-135,00000000-0000-0000-0000-000000000003,s-3-14,2026-09-15T17:13:18.317252+00:00,mss-004,MSS,recognition,level,2,constructed,1,10985,1
00000000-0000-0000-0000-000000000003-136,00000000-0000-0000-0000-000000000003,s-3-14,2026-09-15T17:13:35.461374+00:00,real-fvg-003,FVG,recognition,zone,3,real,1,12144,1
00000000-0000-0000-0000-000000000003-137,00000000-0000-0000-0000-000000000003,s-3-14,2026-09-15T17:13:56.435945+00:00,fvg-001,FVG,recognition,zone,1,constructed,1,15974,1
00000000-0000-0000-0000-000000000003-138,00000000-0000-0000-0000-000000000003,s-3-14,2026-09-15T17:14:17.840629+00:00,tliq-002,TimeLiquidity,recognition,level,2,constructed,1,16404,1
00000000-0000-0000-0000-000000000003-139,00000000-0000-0000-0000-000000000003,s-3-14,2026-09-15T17:14:27.528279+00:00,fvg-004,FVG,recognition,zone,2,constructed,1,4687,1
00000000-0000-0000-0000-000000000003-140,00000000-0000-0000-0000-000000000003,s-3-15,2026-09-17T00:50:33.216088+00:00,ifvg-resp-003,IFVG,recognition,choice,2,constructed,1,10664,1
00000000-0000-0000-0000-000000000003-141,00000000-0000-0000-0000-000000000003,s-3-15,2026-09-17T00:51:07.774287+00:00,real-mss-010,MSS,recognition,level,3,real,1,29558,1
00000000-0000-0000-0000-000000000003-142,00000000-0000-0000-0000-000000000003,s-3-15,2026-09-17T00:51:41.199606+00:00,real-liq-006,Liquidity,recognition,level,3,real,1,28425,1
00000000-0000-0000-0000-000000000003-143,00000000-0000-0000-0000-000000000003,s-3-15,2026-09-17T00:51:59.197362+00:00,tliq-005,TimeLiquidity,recognition,level,3,constructed,0,12997,1
00000000-0000-0000-0000-000000000003-144,00000000-0000-0000-0000-000000000003,s-3-15,2026-09-17T00:52:23.398120+00:00,mss-001,MSS,recognition,level,1,constructed,1,19200,1
00000000-0000-0000-0000-000000000003-145,00000000-0000-0000-0000-000000000003,s-3-15,2026-09-17T00:52:37.504766+00:00,pd-005,PremiumDiscount,recognition,choice,3,constructed,0,9106,1
00000000-0000-0000-0000-000000000004-0,00000000-0000-0000-0000-000000000004,s-4-1,2026-09-02T05:28:57.571377+00:00,ifvg-resp-002,IFVG,recognition,choice,2,constructed,0,8235,1
00000000-0000-0000-0000-000000000004-1,00000000-0000-0000-0000-000000000004,s-4-1,2026-09-02T05:29:16.034144+00:00,tliq-004,TimeLiquidity,recognition,level,2,constructed,1,13462,1
00000000-0000-0000-0000-000000000004-2,00000000-0000-0000-0000-000000000004,s-4-1,2026-09-02T05:29:29.309748+00:00,mss-003,MSS,recognition,level,3,constructed,0,8275,1
00000000-0000-0000-0000-000000000004-3,00000000-0000-0000-0000-000000000004,s-4-1,2026-09-02T05:29:41.700362+00:00,liq-004,Liquidity,recognition,level,2,constructed,0,7390,1
00000000-0000-0000-0000-000000000004-4,00000000-0000-0000-0000-000000000004,s-4-1,2026-09-02T05:30:01.613749+00:00,pd-002,PremiumDiscount,recognition,choice,1,constructed,1,14913,1
00000000-0000-0000-0000-000000000004-5,00000000-0000-0000-0000-000000000004,s-4-1,2026-09-02T05:30:21.008785+00:00,real-fvg-010,FVG,recognition,zone,1,real,1,14395,1
00000000-0000-0000-0000-000000000004-6,00000000-0000-0000-0000-000000000004,s-4-1,2026-09-02T05:30:43.236710+00:00,mss-003,MSS,recognition,level,3,constructed,1,17227,1
00000000-0000-0000-0000-000000000004-7,00000000-0000-0000-0000-000000000004,s-4-1,2026-09-02T05:30:57.640385+00:00,real-mss-010,MSS,recognition,level,3,real,1,9403,1
00000000-0000-0000-0000-000000000004-8,00000000-0000-0000-0000-000000000004,s-4-1,2026-09-02T05:31:18.878865+00:00,pd-002,PremiumDiscount,recognition,choice,1,constructed,1,16238,1
00000000-0000-0000-0000-000000000004-9,00000000-0000-0000-0000-000000000004,s-4-1,2026-09-02T05:31:46.416137+00:00,real-mss-002,MSS,recognition,level,2,real,1,22537,1
00000000-0000-0000-0000-000000000004-10,00000000-0000-0000-0000-000000000004,s-4-2,2026-09-03T19:27:23.568460+00:00,real-mss-003,MSS,recognition,level,3,real,1,14902,1
00000000-0000-0000-0000-000000000004-11,00000000-0000-0000-0000-000000000004,s-4-2,2026-09-03T19:28:04.324723+00:00,real-liq-006,Liquidity,recognition,level,3,real,0,35756,1
00000000-0000-0000-0000-000000000004-12,00000000-0000-0000-0000-000000000004,s-4-2,2026-09-03T19:28:19.048258+00:00,real-mss-004,MSS,recognition,level,1,real,1,9723,1
00000000-0000-0000-0000-000000000004-13,00000000-0000-0000-0000-000000000004,s-4-2,2026-09-03T19:28:42.553054+00:00,real-mss-003,MSS,recognition,level,3,real,1,18504,1
00000000-0000-0000-0000-000000000004-14,00000000-0000-0000-0000-000000000004,s-4-2,2026-09-03T19:28:57.696702+00:00,real-mss-009,MSS,recognition,level,2,real,1,10143,1
00000000-0000-0000-0000-000000000004-15,00000000-0000-0000-0000-000000000004,s-4-2,2026-09-03T19:29:41.641922+00:00,real-mss-004,MSS,recognition,level,1,real,1,38945,1
00000000-0000-0000-0000-000000000004-16,00000000-0000-0000-0000-000000000004,s-4-2,2026-09-03T19:29:54.933652+00:00,real-mss-002,MSS,recognition,level,2,real,0,8291,1
00000000-0000-0000-0000-000000000004-17,00000000-0000-0000-0000-000000000004,s-4-2,2026-09-03T19:30:27.471689+00:00,real-mss-003,MSS,recognition,level,3,real,1,27538,1
00000000-0000-0000-0000-000000000004-18,00000000-0000-0000-0000-000000000004,s-4-2,2026-09-03T19:30:44.201840+00:00,liq-003,Liquidity,recognition,level,2,constructed,1,11730,1
00000000-0000-0000-0000-000000000004-19,00000000-0000-0000-0000-000000000004,s-4-2,2026-09-03T19:30:54.501373+00:00,real-liq-009,Liquidity,recognition,level,3,real,0,5299,1
00000000-0000-0000-0000-000000000004-20,00000000-0000-0000-0000-000000000004,s-4-3,2026-09-04T10:26:08.544710+00:00,mss-004,MSS,recognition,level,2,constructed,0,17680,1
00000000-0000-0000-0000-000000000004-21,00000000-0000-0000-0000-000000000004,s-4-3,2026-09-04T10:26:26.257789+00:00,real-fvg-006,FVG,recognition,zone,3,real,0,12713,1
00000000-0000-0000-0000-000000000004-22,00000000-0000-0000-0000-000000000004,s-4-3,2026-09-04T10:26:46.032842+00:00,pd-001,PremiumDiscount,recognition,choice,1,constructed,1,14775,1
00000000-0000-0000-0000-000000000004-23,00000000-0000-0000-0000-000000000004,s-4-3,2026-09-04T10:27:06.940444+00:00,real-fvg-005,FVG,recognition,zone,2,real,0,15907,1
00000000-0000-0000-0000-000000000004-24,00000000-0000-0000-0000-000000000004,s-4-3,2026-09-04T10:27:26.507238+00:00,liq-003,Liquidity,recognition,level,2,constructed,1,14566,1
00000000-0000-0000-0000-000000000004-25,00000000-0000-0000-0000-000000000004,s-4-3,2026-09-04T10:27:54.052066+00:00,tliq-002,TimeLiquidity,recognition,level,2,constructed,1,22544,1
00000000-0000-0000-0000-000000000004-26,00000000-0000-0000-0000-000000000004,s-4-3,2026-09-04T10:28:46.842511+00:00,ob-004,OrderBlock,recognition,zone,2,constructed,0,47790,1
00000000-0000-0000-0000-000000000004-27,00000000-0000-0000-0000-000000000004,s-4-3,2026-09-04T10:29:13.222468+00:00,ifvg-resp-002,IFVG,recognition,choice,2,constructed,1,21379,1
00000000-0000-0000-0000-000000000004-28,00000000-0000-0000-0000-000000000004,s-4-3,2026-09-04T10:29:34.347667+00:00,real-liq-002,Liquidity,recognition,level,2,real,1,16125,1
00000000-0000-0000-0000-000000000004-29,00000000-0000-0000-0000-000000000004,s-4-3,2026-09-04T10:29:57.662221+00:00,ifvg-resp-002,IFVG,recognition,choice,2,constructed,1,18314,1
00000000-0000-0000-0000-000000000004-30,00000000-0000-0000-0000-000000000004,s-4-4,2026-09-05T15:58:20.028315+00:00,ifvg-resp-005,IFVG,recognition,choice,3,constructed,1,20369,1
00000000-0000-0000-0000-000000000004-31,00000000-0000-0000-0000-000000000004,s-4-4,2026-09-05T15:58:54.510915+00:00,real-mss-005,MSS,recognition,level,2,real,0,29482,1
00000000-0000-0000-0000-000000000004-32,00000000-0000-0000-0000-000000000004,s-4-4,2026-09-05T15:59:09.137741+00:00,ifvg-003,IFVG,recognition,zone,3,constructed,1,9626,1
00000000-0000-0000-0000-000000000004-33,00000000-0000-0000-0000-000000000004,s-4-4,2026-09-05T15:59:23.620789+00:00,real-mss-004,MSS,recognition,level,1,real,0,9483,1
00000000-0000-0000-0000-000000000004-34,00000000-0000-0000-0000-000000000004,s-4-4,2026-09-05T15:59:47.700780+00:00,real-liq-008,Liquidity,recognition,level,2,real,1,19079,1
00000000-0000-0000-0000-000000000004-35,00000000-0000-0000-0000-000000000004,s-4-4,2026-09-05T16:00:07.201301+00:00,real-fvg-009,FVG,recognition,zone,3,real,0,14500,1
00000000-0000-0000-0000-000000000004-36,00000000-0000-0000-0000-000000000004,s-4-4,2026-09-05T16:00:21.110118+00:00,ifvg-resp-004,IFVG,recognition,choice,2,constructed,1,8908,1
00000000-0000-0000-0000-000000000004-37,00000000-0000-0000-0000-000000000004,s-4-4,2026-09-05T16:00:46.541446+00:00,real-fvg-007,FVG,recognition,zone,1,real,0,20431,1
00000000-0000-0000-0000-000000000004-38,00000000-0000-0000-0000-000000000004,s-4-4,2026-09-05T16:01:05.718668+00:00,real-liq-007,Liquidity,recognition,level,1,real,1,14177,1
00000000-0000-0000-0000-000000000004-39,00000000-0000-0000-0000-000000000004,s-4-4,2026-09-05T16:01:21.658891+00:00,fvg-resp-004,FVG,recognition,choice,2,constructed,1,10940,1
00000000-0000-0000-0000-000000000004-40,00000000-0000-0000-0000-000000000004,s-4-5,2026-09-06T03:28:26.165177+00:00,real-mss-003,MSS,recognition,level,3,real,0,18056,1
00000000-0000-0000-0000-000000000004-41,00000000-0000-0000-0000-000000000004,s-4-5,2026-09-06T03:28:50.733256+00:00,fvg-resp-005,FVG,recognition,choice,3,constructed,0,19568,1
00000000-0000-0000-0000-000000000004-42,00000000-0000-0000-0000-000000000004,s-4-5,2026-09-06T03:29:08.359547+00:00,real-liq-003,Liquidity,recognition,level,3,real,1,12626,1
00000000-0000-0000-0000-000000000004-43,00000000-0000-0000-0000-000000000004,s-4-5,2026-09-06T03:29:28.886267+00:00,ifvg-resp-001,IFVG,recognition,choice,2,constructed,1,15526,1
00000000-0000-0000-0000-000000000004-44,00000000-0000-0000-0000-000000000004,s-4-5,2026-09-06T03:29:41.941640+00:00,real-mss-006,MSS,recognition,level,3,real,0,8055,1
00000000-0000-0000-0000-000000000004-45,00000000-0000-0000-0000-000000000004,s-4-5,2026-09-06T03:29:56.660575+00:00,tliq-002,TimeLiquidity,recognition,level,2,constructed,1,9718,1
00000000-0000-0000-0000-000000000004-46,00000000-0000-0000-0000-000000000004,s-4-5,2026-09-06T03:30:23.116267+00:00,real-fvg-008,FVG,recognition,zone,2,real,1,21455,1
00000000-0000-0000-0000-000000000004-47,00000000-0000-0000-0000-000000000004,s-4-5,2026-09-06T03:30:34.985311+00:00,fvg-002,FVG,recognition,zone,1,constructed,1,6869,1
00000000-0000-0000-0000-000000000004-48,00000000-0000-0000-0000-000000000004,s-4-5,2026-09-06T03:30:53.390846+00:00,real-mss-007,MSS,recognition,level,1,real,1,13405,1
00000000-0000-0000-0000-000000000004-49,00000000-0000-0000-0000-000000000004,s-4-5,2026-09-06T03:31:07.205646+00:00,real-mss-008,MSS,recognition,level,1,real,1,8814,1
00000000-0000-0000-0000-000000000004-50,00000000-0000-0000-0000-000000000004,s-4-6,2026-09-06T20:58:25.602435+00:00,ifvg-005,IFVG,recognition,zone,3,constructed,1,8874,1
00000000-0000-0000-0000-000000000004-51,00000000-0000-0000-0000-000000000004,s-4-6,2026-09-06T20:58:42.193027+00:00,real-mss-006,MSS,recognition,level,3,real,1,11590,1
00000000-0000-0000-0000-000000000004-52,00000000-0000-0000-0000-000000000004,s-4-6,2026-09-06T20:59:04.887975+00:00,real-liq-008,Liquidity,recognition,level,2,real,1,17694,1
00000000-0000-0000-0000-000000000004-53,00000000-0000-0000-0000-000000000004,s-4-6,2026-09-06T20:59:31.682670+00:00,real-fvg-008,FVG,recognition,zone,2,real,1,21794,1
00000000-0000-0000-0000-000000000004-54,00000000-0000-0000-0000-000000000004,s-4-6,2026-09-06T20:59:52.648653+00:00,real-fvg-002,FVG,recognition,zone,2,real,1,15965,1
00000000-0000-0000-0000-000000000004-55,00000000-0000-0000-0000-000000000004,s-4-6,2026-09-06T21:00:13.190360+00:00,ifvg-resp-001,IFVG,recognition,choice,2,constructed,1,15541,1
00000000-0000-0000-0000-000000000004-56,00000000-0000-0000-0000-000000000004,s-4-6,2026-09-06T21:00:40.460507+00:00,ifvg-002,IFVG,recognition,zone,1,constructed,1,22270,1
00000000-0000-0000-0000-000000000004-57,00000000-0000-0000-0000-000000000004,s-4-6,2026-09-06T21:01:07.009899+00:00,real-fvg-005,FVG,recognition,zone,2,real,0,21549,1
00000000-0000-0000-0000-000000000004-58,00000000-0000-0000-0000-000000000004,s-4-6,2026-09-06T21:01:23.936579+00:00,real-mss-001,MSS,recognition,level,1,real,1,11926,1
00000000-0000-0000-0000-000000000004-59,00000000-0000-0000-0000-000000000004,s-4-6,2026-09-06T21:01:49.140222+00:00,pd-001,PremiumDiscount,recognition,choice,1,constructed,1,20203,1
00000000-0000-0000-0000-000000000004-60,00000000-0000-0000-0000-000000000004,s-4-7,2026-09-07T13:23:08.497665+00:00,ifvg-resp-003,IFVG,recognition,choice,2,constructed,1,23998,1
00000000-0000-0000-0000-000000000004-61,00000000-0000-0000-0000-000000000004,s-4-7,2026-09-07T13:23:25.159406+00:00,ob-004,OrderBlock,recognition,zone,2,constructed,1,11661,1
00000000-0000-0000-0000-000000000004-62,00000000-0000-0000-0000-000000000004,s-4-7,2026-09-07T13:23:43.079974+00:00,ifvg-004,IFVG,recognition,zone,2,constructed,0,12920,1
00000000-0000-0000-0000-000000000004-63,00000000-0000-0000-0000-000000000004,s-4-7,2026-09-07T13:24:21.386367+00:00,ifvg-resp-004,IFVG,recognition,choice,2,constructed,1,33306,1
00000000-0000-0000-0000-000000000004-64,00000000-0000-0000-0000-000000000004,s-4-7,2026-09-07T13:24:43.591460+00:00,ob-004,OrderBlock,recognition,zone,2,constructed,0,17205,1
00000000-0000-0000-0000-000000000004-65,00000000-0000-0000-0000-000000000004,s-4-7,2026-09-07T13:24:54.967536+00:00,mss-003,MSS,recognition,level,3,constructed,0,6376,1
00000000-0000-0000-0000-000000000004-66,00000000-0000-0000-0000-000000000004,s-4-7,2026-09-07T13:25:13.983824+00:00,fvg-resp-003,FVG,recognition,choice,2,constructed,1,14016,1
00000000-0000-0000-0000-000000000004-67,00000000-0000-0000-0000-000000000004,s-4-7,2026-09-07T13:25:28.777427+00:00,mss-005,MSS,recognition,level,2,constructed,1,9793,1
00000000-0000-0000-0000-000000000004-68,00000000-0000-0000-0000-000000000004,s-4-7,2026-09-07T13:25:54.176278+00:00,fvg-resp-004,FVG,recognition,choice,2,constructed,1,20398,1
00000000-0000-0000-0000-000000000004-69,00000000-0000-0000-0000-000000000004,s-4-7,2026-09-07T13:26:25.701777+00:00,real-mss-001,MSS,recognition,level,1,real,1,26525,1
00000000-0000-0000-0000-000000000004-70,00000000-0000-0000-0000-000000000004,s-4-8,2026-09-09T02:14:31.355515+00:00,real-liq-002,Liquidity,recognition,level,2,real,1,13734,1
00000000-0000-0000-0000-000000000004-71,00000000-0000-0000-0000-000000000004,s-4-8,2026-09-09T02:14:44.101166+00:00,real-fvg-010,FVG,recognition,zone,1,real,0,7745,1
00000000-0000-0000-0000-000000000004-72,00000000-0000-0000-0000-000000000004,s-4-8,2026-09-09T02:15:02.696065+00:00,real-liq-001,Liquidity,recognition,level,1,real,1,13594,1
00000000-0000-0000-0000-000000000004-73,00000000-0000-0000-0000-000000000004,s-4-8,2026-09-09T02:15:33.878853+00:00,real-fvg-005,FVG,recognition,zone,2,real,1,26182,1
00000000-0000-0000-0000-000000000004-74,00000000-0000-0000-0000-000000000004,s-4-8,2026-09-09T02:15:58.640891+00:00,fvg-005,FVG,recognition,zone,3,constructed,1,19762,1
00000000-0000-0000-0000-000000000004-75,00000000-0000-0000-0000-000000000004,s-4-8,2026-09-09T02:16:29.838838+00:00,fvg-resp-002,FVG,recognition,choice,1,constructed,1,26197,1
00000000-0000-0000-0000-000000000004-76,00000000-0000-0000-0000-000000000004,s-4-8,2026-09-09T02:16:57.124513+00:00,ifvg-resp-002,IFVG,recognition,choice,2,constructed,1,22285,1
00000000-0000-0000-0000-000000000004-77,00000000-0000-0000-0000-000000000004,s-4-8,2026-09-09T02:17:09.370857+00:00,liq-001,Liquidity,recognition,level,1,constructed,1,7246,1
00000000-0000-0000-0000-000000000004-78,00000000-0000-0000-0000-000000000004,s-4-8,2026-09-09T02:17:27.948378+00:00,real-mss-008,MSS,recognition,level,1,real,1,13577,1
00000000-0000-0000-0000-000000000004-79,00000000-0000-0000-0000-000000000004,s-4-8,2026-09-09T02:17:37.487438+00:00,ifvg-001,IFVG,recognition,zone,1,constructed,1,4539,1
00000000-0000-0000-0000-000000000004-80,00000000-0000-0000-0000-000000000004,s-4-9,2026-09-10T16:51:52.296843+00:00,liq-005,Liquidity,recognition,level,3,constructed,1,6196,1
00000000-0000-0000-0000-000000000004-81,00000000-0000-0000-0000-000000000004,s-4-9,2026-09-10T16:52:12.448864+00:00,real-mss-005,MSS,recognition,level,2,real,1,15152,1
00000000-0000-0000-0000-000000000004-82,00000000-0000-0000-0000-000000000004,s-4-9,2026-09-10T16:52:31.279558+00:00,ifvg-001,IFVG,recognition,zone,1,constructed,1,13830,1
00000000-0000-0000-0000-000000000004-83,00000000-0000-0000-0000-000000000004,s-4-9,2026-09-10T16:52:53.597729+00:00,fvg-resp-003,FVG,recognition,choice,2,constructed,1,17318,1
00000000-0000-0000-0000-000000000004-84,00000000-0000-0000-0000-000000000004,s-4-9,2026-09-10T16:53:07.827733+00:00,mss-001,MSS,recognition,level,1,constructed,1,9230,1
00000000-0000-0000-0000-000000000004-85,00000000-0000-0000-0000-000000000004,s-4-9,2026-09-10T16:53:21.861374+00:00,real-mss-006,MSS,recognition,level,3,real,0,9033,1
00000000-0000-0000-0000-000000000004-86,00000000-0000-0000-0000-000000000004,s-4-9,2026-09-10T16:53:39.981082+00:00,real-liq-002,Liquidity,recognition,level,2,real,1,13119,1
00000000-0000-0000-0000-000000000004-87,00000000-0000-0000-0000-000000000004,s-4-9,2026-09-10T16:54:15.344890+00:00,tliq-002,TimeLiquidity,recognition,level,2,constructed,1,30363,1
00000000-0000-0000-0000-000000000004-88,00000000-0000-0000-0000-000000000004,s-4-9,2026-09-10T16:54:35.232908+00:00,real-fvg-009,FVG,recognition,zone,3,real,1,14888,1
00000000-0000-0000-0000-000000000004-89,00000000-0000-0000-0000-000000000004,s-4-9,2026-09-10T16:54:55.911867+00:00,pd-002,PremiumDiscount,recognition,choice,1,constructed,1,15678,1
00000000-0000-0000-0000-000000000004-90,00000000-0000-0000-0000-000000000004,s-4-10,2026-09-11T12:29:57.734263+00:00,liq-001,Liquidity,recognition,level,1,constructed,1,16423,1
00000000-0000-0000-0000-000000000004-91,00000000-0000-0000-0000-000000000004,s-4-10,2026-09-11T12:30:11.488881+00:00,real-liq-002,Liquidity,recognition,level,2,real,0,8754,1
00000000-0000-0000-0000-000000000004-92,00000000-0000-0000-0000-000000000004,s-4-10,2026-09-11T12:30:26.101763+00:00,pd-002,PremiumDiscount,recognition,choice,1,constructed,1,9612,1
00000000-0000-0000-0000-000000000004-93,00000000-0000-0000-0000-000000000004,s-4-10,2026-09-11T12:30:40.611670+00:00,fvg-001,FVG,recognition,zone,1,constructed,1,9509,1
00000000-0000-0000-0000-000000000004-94,00000000-0000-0000-0000-000000000004,s-4-10,2026-09-11T12:31:04.013628+00:00,ifvg-resp-005,IFVG,recognition,choice,3,constructed,1,18401,1
00000000-0000-0000-0000-000000000004-95,00000000-0000-0000-0000-000000000004,s-4-10,2026-09-11T12:31:30.266599+00:00,real-mss-009,MSS,recognition,level,2,real,1,21252,1
00000000-0000-0000-0000-000000000004-96,00000000-0000-0000-0000-000000000004,s-4-10,2026-09-11T12:31:48.881729+00:00,ob-002,OrderBlock,recognition,zone,1,constructed,1,13615,1
00000000-0000-0000-0000-000000000004-97,00000000-0000-0000-0000-000000000004,s-4-10,2026-09-11T12:32:09.486507+00:00,pd-004,PremiumDiscount,recognition,choice,2,constructed,1,15604,1
00000000-0000-0000-0000-000000000004-98,00000000-0000-0000-0000-000000000004,s-4-10,2026-09-11T12:32:24.289501+00:00,real-liq-004,Liquidity,recognition,level,1,real,1,9802,1
00000000-0000-0000-0000-000000000004-99,00000000-0000-0000-0000-000000000004,s-4-10,2026-09-11T12:32:41.161370+00:00,real-fvg-004,FVG,recognition,zone,3,real,1,11871,1
00000000-0000-0000-0000-000000000005-0,00000000-0000-0000-0000-000000000005,s-5-1,2026-09-03T09:52:23.078854+00:00,liq-004,Liquidity,recognition,level,2,constructed,0,7647,1
00000000-0000-0000-0000-000000000005-1,00000000-0000-0000-0000-000000000005,s-5-1,2026-09-03T09:52:39.211360+00:00,real-liq-003,Liquidity,recognition,level,3,real,0,11132,1
00000000-0000-0000-0000-000000000005-2,00000000-0000-0000-0000-000000000005,s-5-1,2026-09-03T09:52:58.209274+00:00,real-mss-010,MSS,recognition,level,3,real,0,13997,1
00000000-0000-0000-0000-000000000005-3,00000000-0000-0000-0000-000000000005,s-5-1,2026-09-03T09:53:14.215696+00:00,fvg-resp-004,FVG,recognition,choice,2,constructed,0,11006,1
00000000-0000-0000-0000-000000000005-4,00000000-0000-0000-0000-000000000005,s-5-1,2026-09-03T09:53:34.651275+00:00,ifvg-002,IFVG,recognition,zone,1,constructed,1,15435,1
00000000-0000-0000-0000-000000000005-5,00000000-0000-0000-0000-000000000005,s-5-1,2026-09-03T09:53:57.720818+00:00,real-mss-003,MSS,recognition,level,3,real,0,18069,1
00000000-0000-0000-0000-000000000005-6,00000000-0000-0000-0000-000000000005,s-5-1,2026-09-03T09:54:16.705900+00:00,real-liq-007,Liquidity,recognition,level,1,real,0,13985,1
00000000-0000-0000-0000-000000000005-7,00000000-0000-0000-0000-000000000005,s-5-1,2026-09-03T09:54:37.287630+00:00,real-fvg-009,FVG,recognition,zone,3,real,0,15581,1
00000000-0000-0000-0000-000000000005-8,00000000-0000-0000-0000-000000000005,s-5-1,2026-09-03T09:54:56.481597+00:00,liq-003,Liquidity,recognition,level,2,constructed,0,14193,1
00000000-0000-0000-0000-000000000005-9,00000000-0000-0000-0000-000000000005,s-5-1,2026-09-03T09:55:17.425021+00:00,real-liq-007,Liquidity,recognition,level,1,real,0,15943,1
00000000-0000-0000-0000-000000000005-10,00000000-0000-0000-0000-000000000005,s-5-2,2026-09-04T03:40:39.711226+00:00,real-liq-006,Liquidity,recognition,level,3,real,0,12826,1
00000000-0000-0000-0000-000000000005-11,00000000-0000-0000-0000-000000000005,s-5-2,2026-09-04T03:41:00.773764+00:00,tliq-005,TimeLiquidity,recognition,level,3,constructed,1,16062,1
00000000-0000-0000-0000-000000000005-12,00000000-0000-0000-0000-000000000005,s-5-2,2026-09-04T03:41:15.089609+00:00,real-fvg-007,FVG,recognition,zone,1,real,0,9315,1
00000000-0000-0000-0000-000000000005-13,00000000-0000-0000-0000-000000000005,s-5-2,2026-09-04T03:41:44.871002+00:00,liq-001,Liquidity,recognition,level,1,constructed,1,24781,1
00000000-0000-0000-0000-000000000005-14,00000000-0000-0000-0000-000000000005,s-5-2,2026-09-04T03:42:12.838830+00:00,ifvg-001,IFVG,recognition,zone,1,constructed,0,22967,1
00000000-0000-0000-0000-000000000005-15,00000000-0000-0000-0000-000000000005,s-5-2,2026-09-04T03:42:31.729878+00:00,real-mss-003,MSS,recognition,level,3,real,1,13891,1
00000000-0000-0000-0000-000000000005-16,00000000-0000-0000-0000-000000000005,s-5-2,2026-09-04T03:42:43.016284+00:00,ifvg-002,IFVG,recognition,zone,1,constructed,1,6286,1
00000000-0000-0000-0000-000000000005-17,00000000-0000-0000-0000-000000000005,s-5-2,2026-09-04T03:42:51.924593+00:00,tliq-004,TimeLiquidity,recognition,level,2,constructed,1,3908,1
00000000-0000-0000-0000-000000000005-18,00000000-0000-0000-0000-000000000005,s-5-2,2026-09-04T03:43:09.592154+00:00,liq-004,Liquidity,recognition,level,2,constructed,0,12667,1
00000000-0000-0000-0000-000000000005-19,00000000-0000-0000-0000-000000000005,s-5-2,2026-09-04T03:43:36.946978+00:00,real-liq-009,Liquidity,recognition,level,3,real,0,22354,1
00000000-0000-0000-0000-000000000005-20,00000000-0000-0000-0000-000000000005,s-5-3,2026-09-05T05:40:06.670523+00:00,real-fvg-006,FVG,recognition,zone,3,real,1,11077,1
00000000-0000-0000-0000-000000000005-21,00000000-0000-0000-0000-000000000005,s-5-3,2026-09-05T05:40:24.373758+00:00,pd-004,PremiumDiscount,recognition,choice,2,constructed,1,12703,1
00000000-0000-0000-0000-000000000005-22,00000000-0000-0000-0000-000000000005,s-5-3,2026-09-05T05:40:42.399150+00:00,ob-004,OrderBlock,recognition,zone,2,constructed,0,13025,1
00000000-0000-0000-0000-000000000005-23,00000000-0000-0000-0000-000000000005,s-5-3,2026-09-05T05:41:02.300131+00:00,ob-003,OrderBlock,recognition,zone,2,constructed,1,14900,1
00000000-0000-0000-0000-000000000005-24,00000000-0000-0000-0000-000000000005,s-5-3,2026-09-05T05:41:24.704106+00:00,real-liq-007,Liquidity,recognition,level,1,real,0,17403,1
00000000-0000-0000-0000-000000000005-25,00000000-0000-0000-0000-000000000005,s-5-3,2026-09-05T05:41:43.930561+00:00,real-liq-007,Liquidity,recognition,level,1,real,0,14226,1
00000000-0000-0000-0000-000000000005-26,00000000-0000-0000-0000-000000000005,s-5-3,2026-09-05T05:41:55.237803+00:00,ob-001,OrderBlock,recognition,zone,1,constructed,0,6307,1
00000000-0000-0000-0000-000000000005-27,00000000-0000-0000-0000-000000000005,s-5-3,2026-09-05T05:42:10.768172+00:00,liq-002,Liquidity,recognition,level,1,constructed,1,10530,1
00000000-0000-0000-0000-000000000005-28,00000000-0000-0000-0000-000000000005,s-5-3,2026-09-05T05:42:26.792824+00:00,mss-003,MSS,recognition,level,3,constructed,0,11024,1
00000000-0000-0000-0000-000000000005-29,00000000-0000-0000-0000-000000000005,s-5-3,2026-09-05T05:42:40.220954+00:00,real-liq-010,Liquidity,recognition,level,1,real,1,8428,1
00000000-0000-0000-0000-000000000005-30,00000000-0000-0000-0000-000000000005,s-5-4,2026-09-06T08:10:47.124237+00:00,real-fvg-004,FVG,recognition,zone,3,real,1,16383,1
00000000-0000-0000-0000-000000000005-31,00000000-0000-0000-0000-000000000005,s-5-4,2026-09-06T08:10:59.754598+00:00,liq-001,Liquidity,recognition,level,1,constructed,1,7630,1
00000000-0000-0000-0000-000000000005-32,00000000-0000-0000-0000-000000000005,s-5-4,2026-09-06T08:11:32.735892+00:00,real-fvg-006,FVG,recognition,zone,3,real,1,27981,1
00000000-0000-0000-0000-000000000005-33,00000000-0000-0000-0000-000000000005,s-5-4,2026-09-06T08:12:04.950236+00:00,ifvg-resp-004,IFVG,recognition,choice,2,constructed,0,27214,1
00000000-0000-0000-0000-000000000005-34,00000000-0000-0000-0000-000000000005,s-5-4,2026-09-06T08:12:40.606377+00:00,fvg-004,FVG,recognition,zone,2,constructed,1,30656,1
00000000-0000-0000-0000-000000000005-35,00000000-0000-0000-0000-000000000005,s-5-4,2026-09-06T08:12:54.980039+00:00,mss-004,MSS,recognition,level,2,constructed,1,9373,1
00000000-0000-0000-0000-000000000005-36,00000000-0000-0000-0000-000000000005,s-5-4,2026-09-06T08:13:10.260179+00:00,real-liq-010,Liquidity,recognition,level,1,real,1,10280,1
00000000-0000-0000-0000-000000000005-37,00000000-0000-0000-0000-000000000005,s-5-4,2026-09-06T08:13:24.362458+00:00,real-liq-001,Liquidity,recognition,level,1,real,1,9102,1
00000000-0000-0000-0000-000000000005-38,00000000-0000-0000-0000-000000000005,s-5-4,2026-09-06T08:13:39.042216+00:00,real-mss-007,MSS,recognition,level,1,real,0,9679,1
00000000-0000-0000-0000-000000000005-39,00000000-0000-0000-0000-000000000005,s-5-4,2026-09-06T08:14:04.117316+00:00,fvg-003,FVG,recognition,zone,2,constructed,0,20075,1
00000000-0000-0000-0000-000000000005-40,00000000-0000-0000-0000-000000000005,s-5-5,2026-09-07T15:03:40.718434+00:00,fvg-resp-003,FVG,recognition,choice,2,constructed,1,37642,1
00000000-0000-0000-0000-000000000005-41,00000000-0000-0000-0000-000000000005,s-5-5,2026-09-07T15:04:02.917802+00:00,real-mss-001,MSS,recognition,level,1,real,0,17199,1
00000000-0000-0000-0000-000000000005-42,00000000-0000-0000-0000-000000000005,s-5-5,2026-09-07T15:04:19.959099+00:00,tliq-003,TimeLiquidity,recognition,level,1,constructed,1,12041,1
00000000-0000-0000-0000-000000000005-43,00000000-0000-0000-0000-000000000005,s-5-5,2026-09-07T15:04:46.793744+00:00,fvg-resp-002,FVG,recognition,choice,1,constructed,1,21834,1
00000000-0000-0000-0000-000000000005-44,00000000-0000-0000-0000-000000000005,s-5-5,2026-09-07T15:05:02.199558+00:00,ifvg-resp-003,IFVG,recognition,choice,2,constructed,0,10405,1
00000000-0000-0000-0000-000000000005-45,00000000-0000-0000-0000-000000000005,s-5-5,2026-09-07T15:05:14.142296+00:00,real-fvg-010,FVG,recognition,zone,1,real,1,6942,1
00000000-0000-0000-0000-000000000005-46,00000000-0000-0000-0000-000000000005,s-5-5,2026-09-07T15:05:33.279720+00:00,fvg-004,FVG,recognition,zone,2,constructed,1,14137,1
00000000-0000-0000-0000-000000000005-47,00000000-0000-0000-0000-000000000005,s-5-5,2026-09-07T15:05:47.797276+00:00,fvg-003,FVG,recognition,zone,2,constructed,1,9517,1
00000000-0000-0000-0000-000000000005-48,00000000-0000-0000-0000-000000000005,s-5-5,2026-09-07T15:06:03.731364+00:00,ifvg-resp-003,IFVG,recognition,choice,2,constructed,0,10934,1
00000000-0000-0000-0000-000000000005-49,00000000-0000-0000-0000-000000000005,s-5-5,2026-09-07T15:06:24.323147+00:00,tliq-002,TimeLiquidity,recognition,level,2,constructed,1,15591,1
00000000-0000-0000-0000-000000000005-50,00000000-0000-0000-0000-000000000005,s-5-6,2026-09-09T02:27:34.050300+00:00,pd-003,PremiumDiscount,recognition,choice,2,constructed,1,19334,1
00000000-0000-0000-0000-000000000005-51,00000000-0000-0000-0000-000000000005,s-5-6,2026-09-09T02:27:50.375704+00:00,mss-002,MSS,recognition,level,1,constructed,1,11325,1
00000000-0000-0000-0000-000000000005-52,00000000-0000-0000-0000-000000000005,s-5-6,2026-09-09T02:28:15.611408+00:00,real-mss-005,MSS,recognition,level,2,real,1,20235,1
00000000-0000-0000-0000-000000000005-53,00000000-0000-0000-0000-000000000005,s-5-6,2026-09-09T02:28:49.346093+00:00,real-fvg-006,FVG,recognition,zone,3,real,0,28734,1
00000000-0000-0000-0000-000000000005-54,00000000-0000-0000-0000-000000000005,s-5-6,2026-09-09T02:29:08.451634+00:00,ob-001,OrderBlock,recognition,zone,1,constructed,0,14105,1
00000000-0000-0000-0000-000000000005-55,00000000-0000-0000-0000-000000000005,s-5-6,2026-09-09T02:29:28.637374+00:00,tliq-001,TimeLiquidity,recognition,level,1,constructed,1,15185,1
00000000-0000-0000-0000-000000000005-56,00000000-0000-0000-0000-000000000005,s-5-6,2026-09-09T02:29:45.408472+00:00,ifvg-resp-002,IFVG,recognition,choice,2,constructed,1,11771,1
00000000-0000-0000-0000-000000000005-57,00000000-0000-0000-0000-000000000005,s-5-6,2026-09-09T02:30:30.989096+00:00,pd-005,PremiumDiscount,recognition,choice,3,constructed,0,40580,1
00000000-0000-0000-0000-000000000005-58,00000000-0000-0000-0000-000000000005,s-5-6,2026-09-09T02:30:47.293536+00:00,real-mss-007,MSS,recognition,level,1,real,0,11304,1
00000000-0000-0000-0000-000000000005-59,00000000-0000-0000-0000-000000000005,s-5-6,2026-09-09T02:31:04.312940+00:00,real-liq-004,Liquidity,recognition,level,1,real,0,12019,1
00000000-0000-0000-0000-000000000005-60,00000000-0000-0000-0000-000000000005,s-5-7,2026-09-09T19:01:10.765241+00:00,tliq-002,TimeLiquidity,recognition,level,2,constructed,0,15094,1
00000000-0000-0000-0000-000000000005-61,00000000-0000-0000-0000-000000000005,s-5-7,2026-09-09T19:01:35.554700+00:00,real-mss-003,MSS,recognition,level,3,real,1,19789,1
00000000-0000-0000-0000-000000000005-62,00000000-0000-0000-0000-000000000005,s-5-7,2026-09-09T19:02:21.649531+00:00,mss-002,MSS,recognition,level,1,constructed,1,41094,1
00000000-0000-0000-0000-000000000005-63,00000000-0000-0000-0000-000000000005,s-5-7,2026-09-09T19:02:38.208131+00:00,real-fvg-007,FVG,recognition,zone,1,real,0,11558,1
00000000-0000-0000-0000-000000000005-64,00000000-0000-0000-0000-000000000005,s-5-7,2026-09-09T19:02:49.078027+00:00,ob-001,OrderBlock,recognition,zone,1,constructed,1,5869,1
00000000-0000-0000-0000-000000000005-65,00000000-0000-0000-0000-000000000005,s-5-7,2026-09-09T19:03:05.553439+00:00,fvg-resp-001,FVG,recognition,choice,1,constructed,1,11475,1
00000000-0000-0000-0000-000000000005-66,00000000-0000-0000-0000-000000000005,s-5-7,2026-09-09T19:03:22.482080+00:00,pd-001,PremiumDiscount,recognition,choice,1,constructed,1,11928,1
00000000-0000-0000-0000-000000000005-67,00000000-0000-0000-0000-000000000005,s-5-7,2026-09-09T19:03:41.848048+00:00,ifvg-002,IFVG,recognition,zone,1,constructed,0,14365,1
00000000-0000-0000-0000-000000000005-68,00000000-0000-0000-0000-000000000005,s-5-7,2026-09-09T19:04:03.177312+00:00,real-mss-005,MSS,recognition,level,2,real,1,16329,1
00000000-0000-0000-0000-000000000005-69,00000000-0000-0000-0000-000000000005,s-5-7,2026-09-09T19:04:20.916031+00:00,pd-003,PremiumDiscount,recognition,choice,2,constructed,1,12738,1
00000000-0000-0000-0000-000000000005-70,00000000-0000-0000-0000-000000000005,s-5-8,2026-09-11T01:42:26.508502+00:00,ifvg-002,IFVG,recognition,zone,1,constructed,1,13522,1
00000000-0000-0000-0000-000000000005-71,00000000-0000-0000-0000-000000000005,s-5-8,2026-09-11T01:42:46.954727+00:00,fvg-resp-001,FVG,recognition,choice,1,constructed,1,15446,1
00000000-0000-0000-0000-000000000005-72,00000000-0000-0000-0000-000000000005,s-5-8,2026-09-11T01:43:00.704733+00:00,tliq-001,TimeLiquidity,recognition,level,1,constructed,1,8750,1
00000000-0000-0000-0000-000000000005-73,00000000-0000-0000-0000-000000000005,s-5-8,2026-09-11T01:43:22.447715+00:00,real-mss-002,MSS,recognition,level,2,real,0,16742,1
00000000-0000-0000-0000-000000000005-74,00000000-0000-0000-0000-000000000005,s-5-8,2026-09-11T01:43:51.141236+00:00,real-fvg-002,FVG,recognition,zone,2,real,0,23693,1
00000000-0000-0000-0000-000000000005-75,00000000-0000-0000-0000-000000000005,s-5-8,2026-09-11T01:44:06.406572+00:00,real-mss-005,MSS,recognition,level,2,real,0,10265,1
00000000-0000-0000-0000-000000000005-76,00000000-0000-0000-0000-000000000005,s-5-8,2026-09-11T01:44:36.038140+00:00,fvg-002,FVG,recognition,zone,1,constructed,1,24631,1
00000000-0000-0000-0000-000000000005-77,00000000-0000-0000-0000-000000000005,s-5-8,2026-09-11T01:45:05.333397+00:00,tliq-005,TimeLiquidity,recognition,level,3,constructed,1,24295,1
00000000-0000-0000-0000-000000000005-78,00000000-0000-0000-0000-000000000005,s-5-8,2026-09-11T01:46:01.665318+00:00,ifvg-003,IFVG,recognition,zone,3,constructed,1,51331,1
00000000-0000-0000-0000-000000000005-79,00000000-0000-0000-0000-000000000005,s-5-8,2026-09-11T01:46:18.295789+00:00,ob-004,OrderBlock,recognition,zone,2,constructed,1,11630,1
00000000-0000-0000-0000-000000000005-80,00000000-0000-0000-0000-000000000005,s-5-9,2026-09-11T16:51:31.397862+00:00,pd-003,PremiumDiscount,recognition,choice,2,constructed,0,21670,1
00000000-0000-0000-0000-000000000005-81,00000000-0000-0000-0000-000000000005,s-5-9,2026-09-11T16:51:55.272523+00:00,liq-002,Liquidity,recognition,level,1,constructed,1,18874,1
00000000-0000-0000-0000-000000000005-82,00000000-0000-0000-0000-000000000005,s-5-9,2026-09-11T16:52:13.848837+00:00,real-liq-010,Liquidity,recognition,level,1,real,1,13576,1
00000000-0000-0000-0000-000000000005-83,00000000-0000-0000-0000-000000000005,s-5-9,2026-09-11T16:52:42.539891+00:00,real-liq-008,Liquidity,recognition,level,2,real,0,23691,1
00000000-0000-0000-0000-000000000005-84,00000000-0000-0000-0000-000000000005,s-5-9,2026-09-11T16:52:49.900074+00:00,real-mss-006,MSS,recognition,level,3,real,0,2360,1
00000000-0000-0000-0000-000000000005-85,00000000-0000-0000-0000-000000000005,s-5-9,2026-09-11T16:53:11.482822+00:00,mss-004,MSS,recognition,level,2,constructed,1,16582,1
00000000-0000-0000-0000-000000000005-86,00000000-0000-0000-0000-000000000005,s-5-9,2026-09-11T16:53:28.676816+00:00,mss-004,MSS,recognition,level,2,constructed,1,12193,1
00000000-0000-0000-0000-000000000005-87,00000000-0000-0000-0000-000000000005,s-5-9,2026-09-11T16:53:53.316476+00:00,pd-003,PremiumDiscount,recognition,choice,2,constructed,1,19639,1
00000000-0000-0000-0000-000000000005-88,00000000-0000-0000-0000-000000000005,s-5-9,2026-09-11T16:54:13.204985+00:00,fvg-005,FVG,recognition,zone,3,constructed,1,14888,1
00000000-0000-0000-0000-000000000005-89,00000000-0000-0000-0000-000000000005,s-5-9,2026-09-11T16:54:29.106239+00:00,ifvg-resp-003,IFVG,recognition,choice,2,constructed,0,10901,1
00000000-0000-0000-0000-000000000005-90,00000000-0000-0000-0000-000000000005,s-5-10,2026-09-12T10:38:07.874915+00:00,pd-002,PremiumDiscount,recognition,choice,1,constructed,1,22659,1
00000000-0000-0000-0000-000000000005-91,00000000-0000-0000-0000-000000000005,s-5-10,2026-09-12T10:38:35.853896+00:00,fvg-002,FVG,recognition,zone,1,constructed,1,22978,1
00000000-0000-0000-0000-000000000005-92,00000000-0000-0000-0000-000000000005,s-5-10,2026-09-12T10:38:48.537730+00:00,fvg-002,FVG,recognition,zone,1,constructed,1,7683,1
00000000-0000-0000-0000-000000000005-93,00000000-0000-0000-0000-000000000005,s-5-10,2026-09-12T10:39:20.908251+00:00,real-liq-001,Liquidity,recognition,level,1,real,1,27370,1
00000000-0000-0000-0000-000000000006-0,00000000-0000-0000-0000-000000000006,s-6-1,2026-09-03T07:25:19.516314+00:00,fvg-resp-003,FVG,recognition,choice,2,constructed,1,6232,1
00000000-0000-0000-0000-000000000006-1,00000000-0000-0000-0000-000000000006,s-6-1,2026-09-03T07:25:31.076278+00:00,tliq-002,TimeLiquidity,recognition,level,2,constructed,1,6559,1
00000000-0000-0000-0000-000000000006-2,00000000-0000-0000-0000-000000000006,s-6-1,2026-09-03T07:25:45.157483+00:00,ifvg-002,IFVG,recognition,zone,1,constructed,0,9081,1
00000000-0000-0000-0000-000000000006-3,00000000-0000-0000-0000-000000000006,s-6-1,2026-09-03T07:26:02.510132+00:00,ob-001,OrderBlock,recognition,zone,1,constructed,1,12352,1
00000000-0000-0000-0000-000000000006-4,00000000-0000-0000-0000-000000000006,s-6-1,2026-09-03T07:26:19.112807+00:00,real-mss-004,MSS,recognition,level,1,real,0,11602,1
00000000-0000-0000-0000-000000000006-5,00000000-0000-0000-0000-000000000006,s-6-1,2026-09-03T07:26:45.249118+00:00,ifvg-002,IFVG,recognition,zone,1,constructed,1,21136,1
00000000-0000-0000-0000-000000000006-6,00000000-0000-0000-0000-000000000006,s-6-1,2026-09-03T07:27:07.324256+00:00,liq-005,Liquidity,recognition,level,3,constructed,1,17075,1
00000000-0000-0000-0000-000000000006-7,00000000-0000-0000-0000-000000000006,s-6-1,2026-09-03T07:27:34.339759+00:00,real-liq-004,Liquidity,recognition,level,1,real,1,22015,1
00000000-0000-0000-0000-000000000006-8,00000000-0000-0000-0000-000000000006,s-6-1,2026-09-03T07:27:49.539915+00:00,real-mss-001,MSS,recognition,level,1,real,1,10200,1
00000000-0000-0000-0000-000000000006-9,00000000-0000-0000-0000-000000000006,s-6-1,2026-09-03T07:28:10.764673+00:00,pd-005,PremiumDiscount,recognition,choice,3,constructed,1,16224,1
00000000-0000-0000-0000-000000000006-10,00000000-0000-0000-0000-000000000006,s-6-2,2026-09-04T14:58:22.910873+00:00,real-liq-002,Liquidity,recognition,level,2,real,1,27764,1
00000000-0000-0000-0000-000000000006-11,00000000-0000-0000-0000-000000000006,s-6-2,2026-09-04T14:58:38.964200+00:00,ob-003,OrderBlock,recognition,zone,2,constructed,1,11053,1
00000000-0000-0000-0000-000000000006-12,00000000-0000-0000-0000-000000000006,s-6-2,2026-09-04T14:58:50.216807+00:00,real-liq-009,Liquidity,recognition,level,3,real,0,6252,1
00000000-0000-0000-0000-000000000006-13,00000000-0000-0000-0000-000000000006,s-6-2,2026-09-04T14:59:06.911696+00:00,ifvg-005,IFVG,recognition,zone,3,constructed,0,11694,1
00000000-0000-0000-0000-000000000006-14,00000000-0000-0000-0000-000000000006,s-6-2,2026-09-04T14:59:38.835220+00:00,tliq-004,TimeLiquidity,recognition,level,2,constructed,0,26923,1
00000000-0000-0000-0000-000000000006-15,00000000-0000-0000-0000-000000000006,s-6-2,2026-09-04T15:00:04.707211+00:00,real-liq-002,Liquidity,recognition,level,2,real,1,20871,1
00000000-0000-0000-0000-000000000006-16,00000000-0000-0000-0000-000000000006,s-6-2,2026-09-04T15:00:25.412437+00:00,ifvg-002,IFVG,recognition,zone,1,constructed,1,15705,1
00000000-0000-0000-0000-000000000006-17,00000000-0000-0000-0000-000000000006,s-6-2,2026-09-04T15:00:50.738007+00:00,real-mss-007,MSS,recognition,level,1,real,0,20325,1
00000000-0000-0000-0000-000000000006-18,00000000-0000-0000-0000-000000000006,s-6-2,2026-09-04T15:01:14.882147+00:00,ob-004,OrderBlock,recognition,zone,2,constructed,1,19144,1
00000000-0000-0000-0000-000000000006-19,00000000-0000-0000-0000-000000000006,s-6-2,2026-09-04T15:01:33.896436+00:00,ob-001,OrderBlock,recognition,zone,1,constructed,1,14014,1
00000000-0000-0000-0000-000000000006-20,00000000-0000-0000-0000-000000000006,s-6-3,2026-09-05T17:07:40.647072+00:00,tliq-003,TimeLiquidity,recognition,level,1,constructed,1,11234,1
00000000-0000-0000-0000-000000000006-21,00000000-0000-0000-0000-000000000006,s-6-3,2026-09-05T17:08:03.465078+00:00,mss-003,MSS,recognition,level,3,constructed,1,17818,1
00000000-0000-0000-0000-000000000006-22,00000000-0000-0000-0000-000000000006,s-6-3,2026-09-05T17:08:19.751565+00:00,real-liq-002,Liquidity,recognition,level,2,real,0,11286,1
00000000-0000-0000-0000-000000000006-23,00000000-0000-0000-0000-000000000006,s-6-3,2026-09-05T17:08:51.321083+00:00,pd-001,PremiumDiscount,recognition,choice,1,constructed,1,26569,1
00000000-0000-0000-0000-000000000006-24,00000000-0000-0000-0000-000000000006,s-6-3,2026-09-05T17:09:05.088352+00:00,ifvg-003,IFVG,recognition,zone,3,constructed,1,8767,1
00000000-0000-0000-0000-000000000006-25,00000000-0000-0000-0000-000000000006,s-6-3,2026-09-05T17:09:18.842644+00:00,real-mss-002,MSS,recognition,level,2,real,1,8754,1
00000000-0000-0000-0000-000000000006-26,00000000-0000-0000-0000-000000000006,s-6-3,2026-09-05T17:09:48.927059+00:00,ob-001,OrderBlock,recognition,zone,1,constructed,1,25084,1
00000000-0000-0000-0000-000000000006-27,00000000-0000-0000-0000-000000000006,s-6-3,2026-09-05T17:10:11.898255+00:00,real-mss-004,MSS,recognition,level,1,real,1,17971,1
00000000-0000-0000-0000-000000000006-28,00000000-0000-0000-0000-000000000006,s-6-3,2026-09-05T17:10:34.770175+00:00,fvg-001,FVG,recognition,zone,1,constructed,1,17871,1
00000000-0000-0000-0000-000000000006-29,00000000-0000-0000-0000-000000000006,s-6-3,2026-09-05T17:11:03.114936+00:00,ifvg-002,IFVG,recognition,zone,1,constructed,0,23344,1
00000000-0000-0000-0000-000000000006-30,00000000-0000-0000-0000-000000000006,s-6-4,2026-09-06T19:46:17.759145+00:00,ob-001,OrderBlock,recognition,zone,1,constructed,1,7762,1
00000000-0000-0000-0000-000000000006-31,00000000-0000-0000-0000-000000000006,s-6-4,2026-09-06T19:46:38.040468+00:00,fvg-002,FVG,recognition,zone,1,constructed,1,15281,1
00000000-0000-0000-0000-000000000006-32,00000000-0000-0000-0000-000000000006,s-6-4,2026-09-06T19:46:54.624617+00:00,ifvg-resp-005,IFVG,recognition,choice,3,constructed,1,11584,1
00000000-0000-0000-0000-000000000006-33,00000000-0000-0000-0000-000000000006,s-6-4,2026-09-06T19:47:09.055140+00:00,real-mss-007,MSS,recognition,level,1,real,1,9430,1
00000000-0000-0000-0000-000000000006-34,00000000-0000-0000-0000-000000000006,s-6-4,2026-09-06T19:47:24.964906+00:00,pd-005,PremiumDiscount,recognition,choice,3,constructed,1,10909,1
00000000-0000-0000-0000-000000000006-35,00000000-0000-0000-0000-000000000006,s-6-4,2026-09-06T19:47:42.186166+00:00,real-fvg-007,FVG,recognition,zone,1,real,1,12221,1
00000000-0000-0000-0000-000000000006-36,00000000-0000-0000-0000-000000000006,s-6-4,2026-09-06T19:48:13.446930+00:00,real-fvg-007,FVG,recognition,zone,1,real,1,26260,1
00000000-0000-0000-0000-000000000006-37,00000000-0000-0000-0000-000000000006,s-6-4,2026-09-06T19:48:23.739439+00:00,mss-001,MSS,recognition,level,1,constructed,0,5292,1
00000000-0000-0000-0000-000000000006-38,00000000-0000-0000-0000-000000000006,s-6-4,2026-09-06T19:48:37.972514+00:00,ob-005,OrderBlock,recognition,zone,3,constructed,1,9233,1
00000000-0000-0000-0000-000000000006-39,00000000-0000-0000-0000-000000000006,s-6-4,2026-09-06T19:49:00.626590+00:00,mss-003,MSS,recognition,level,3,constructed,1,17654,1
00000000-0000-0000-0000-000000000006-40,00000000-0000-0000-0000-000000000006,s-6-5,2026-09-07T05:13:46.380945+00:00,real-fvg-010,FVG,recognition,zone,1,real,0,14660,1
00000000-0000-0000-0000-000000000006-41,00000000-0000-0000-0000-000000000006,s-6-5,2026-09-07T05:13:57.924926+00:00,liq-001,Liquidity,recognition,level,1,constructed,0,6543,1
00000000-0000-0000-0000-000000000006-42,00000000-0000-0000-0000-000000000006,s-6-5,2026-09-07T05:14:24.696284+00:00,real-fvg-003,FVG,recognition,zone,3,real,1,21771,1
00000000-0000-0000-0000-000000000006-43,00000000-0000-0000-0000-000000000006,s-6-5,2026-09-07T05:15:07.670179+00:00,real-fvg-008,FVG,recognition,zone,2,real,0,37973,1
00000000-0000-0000-0000-000000000006-44,00000000-0000-0000-0000-000000000006,s-6-5,2026-09-07T05:15:24.644061+00:00,ifvg-resp-005,IFVG,recognition,choice,3,constructed,1,11973,1
00000000-0000-0000-0000-000000000006-45,00000000-0000-0000-0000-000000000006,s-6-5,2026-09-07T05:15:38.636457+00:00,real-fvg-005,FVG,recognition,zone,2,real,1,8992,1
00000000-0000-0000-0000-000000000006-46,00000000-0000-0000-0000-000000000006,s-6-5,2026-09-07T05:15:56.698446+00:00,real-fvg-001,FVG,recognition,zone,1,real,1,13061,1
00000000-0000-0000-0000-000000000006-47,00000000-0000-0000-0000-000000000006,s-6-5,2026-09-07T05:16:20.333966+00:00,fvg-001,FVG,recognition,zone,1,constructed,1,18635,1
00000000-0000-0000-0000-000000000006-48,00000000-0000-0000-0000-000000000006,s-6-5,2026-09-07T05:16:35.419140+00:00,ifvg-001,IFVG,recognition,zone,1,constructed,1,10085,1
00000000-0000-0000-0000-000000000006-49,00000000-0000-0000-0000-000000000006,s-6-5,2026-09-07T05:16:54.841180+00:00,real-liq-006,Liquidity,recognition,level,3,real,0,14422,1
00000000-0000-0000-0000-000000000006-50,00000000-0000-0000-0000-000000000006,s-6-6,2026-09-08T13:34:50.836039+00:00,real-mss-003,MSS,recognition,level,3,real,0,5885,1
00000000-0000-0000-0000-000000000006-51,00000000-0000-0000-0000-000000000006,s-6-6,2026-09-08T13:35:04.125300+00:00,ifvg-002,IFVG,recognition,zone,1,constructed,1,8289,1
00000000-0000-0000-0000-000000000006-52,00000000-0000-0000-0000-000000000006,s-6-6,2026-09-08T13:35:39.242306+00:00,real-fvg-007,FVG,recognition,zone,1,real,1,30117,1
00000000-0000-0000-0000-000000000006-53,00000000-0000-0000-0000-000000000006,s-6-6,2026-09-08T13:35:47.957894+00:00,real-fvg-006,FVG,recognition,zone,3,real,1,3715,1
00000000-0000-0000-0000-000000000006-54,00000000-0000-0000-0000-000000000006,s-6-6,2026-09-08T13:36:04.452564+00:00,real-fvg-004,FVG,recognition,zone,3,real,0,11494,1
00000000-0000-0000-0000-000000000006-55,00000000-0000-0000-0000-000000000006,s-6-6,2026-09-08T13:36:20.014069+00:00,real-mss-009,MSS,recognition,level,2,real,1,10561,1
00000000-0000-0000-0000-000000000006-56,00000000-0000-0000-0000-000000000006,s-6-6,2026-09-08T13:36:38.250957+00:00,real-fvg-001,FVG,recognition,zone,1,real,1,13236,1
00000000-0000-0000-0000-000000000006-57,00000000-0000-0000-0000-000000000006,s-6-6,2026-09-08T13:37:19.689245+00:00,real-fvg-004,FVG,recognition,zone,3,real,1,36438,1
00000000-0000-0000-0000-000000000006-58,00000000-0000-0000-0000-000000000006,s-6-6,2026-09-08T13:37:42.860344+00:00,real-liq-001,Liquidity,recognition,level,1,real,1,18171,1
00000000-0000-0000-0000-000000000006-59,00000000-0000-0000-0000-000000000006,s-6-6,2026-09-08T13:38:08.290003+00:00,pd-002,PremiumDiscount,recognition,choice,1,constructed,1,20429,1
00000000-0000-0000-0000-000000000006-60,00000000-0000-0000-0000-000000000006,s-6-7,2026-09-09T21:55:05.915164+00:00,tliq-001,TimeLiquidity,recognition,level,1,constructed,1,13362,1
00000000-0000-0000-0000-000000000006-61,00000000-0000-0000-0000-000000000006,s-6-7,2026-09-09T21:55:21.037477+00:00,real-fvg-006,FVG,recognition,zone,3,real,1,10122,1
00000000-0000-0000-0000-000000000006-62,00000000-0000-0000-0000-000000000006,s-6-7,2026-09-09T21:55:37.476187+00:00,ifvg-resp-003,IFVG,recognition,choice,2,constructed,1,11438,1
00000000-0000-0000-0000-000000000006-63,00000000-0000-0000-0000-000000000006,s-6-7,2026-09-09T21:55:53.010919+00:00,ob-004,OrderBlock,recognition,zone,2,constructed,1,10534,1
00000000-0000-0000-0000-000000000006-64,00000000-0000-0000-0000-000000000006,s-6-7,2026-09-09T21:56:15.831590+00:00,fvg-resp-001,FVG,recognition,choice,1,constructed,1,17820,1
00000000-0000-0000-0000-000000000006-65,00000000-0000-0000-0000-000000000006,s-6-7,2026-09-09T21:56:34.468673+00:00,fvg-003,FVG,recognition,zone,2,constructed,1,13637,1
00000000-0000-0000-0000-000000000006-66,00000000-0000-0000-0000-000000000006,s-6-7,2026-09-09T21:56:45.576961+00:00,real-mss-010,MSS,recognition,level,3,real,0,6108,1
00000000-0000-0000-0000-000000000006-67,00000000-0000-0000-0000-000000000006,s-6-7,2026-09-09T21:57:13.760251+00:00,real-mss-005,MSS,recognition,level,2,real,0,23183,1
00000000-0000-0000-0000-000000000006-68,00000000-0000-0000-0000-000000000006,s-6-7,2026-09-09T21:57:30.478162+00:00,tliq-005,TimeLiquidity,recognition,level,3,constructed,1,11717,1
00000000-0000-0000-0000-000000000006-69,00000000-0000-0000-0000-000000000006,s-6-7,2026-09-09T21:57:57.100618+00:00,fvg-resp-002,FVG,recognition,choice,1,constructed,1,21622,1
00000000-0000-0000-0000-000000000006-70,00000000-0000-0000-0000-000000000006,s-6-8,2026-09-11T11:47:02.794488+00:00,real-liq-006,Liquidity,recognition,level,3,real,1,15314,1
00000000-0000-0000-0000-000000000006-71,00000000-0000-0000-0000-000000000006,s-6-8,2026-09-11T11:47:14.462300+00:00,ob-001,OrderBlock,recognition,zone,1,constructed,1,6667,1
00000000-0000-0000-0000-000000000006-72,00000000-0000-0000-0000-000000000006,s-6-8,2026-09-11T11:47:50.662711+00:00,real-liq-007,Liquidity,recognition,level,1,real,1,31200,1
00000000-0000-0000-0000-000000000006-73,00000000-0000-0000-0000-000000000006,s-6-8,2026-09-11T11:48:17.888934+00:00,real-mss-008,MSS,recognition,level,1,real,0,22226,1
00000000-0000-0000-0000-000000000006-74,00000000-0000-0000-0000-000000000006,s-6-8,2026-09-11T11:48:31.406730+00:00,liq-003,Liquidity,recognition,level,2,constructed,1,8517,1
00000000-0000-0000-0000-000000000006-75,00000000-0000-0000-0000-000000000006,s-6-8,2026-09-11T11:48:47.967084+00:00,real-fvg-006,FVG,recognition,zone,3,real,1,11560,1
00000000-0000-0000-0000-000000000006-76,00000000-0000-0000-0000-000000000006,s-6-8,2026-09-11T11:49:00.234258+00:00,tliq-004,TimeLiquidity,recognition,level,2,constructed,1,7267,1
00000000-0000-0000-0000-000000000006-77,00000000-0000-0000-0000-000000000006,s-6-8,2026-09-11T11:49:37.688416+00:00,liq-005,Liquidity,recognition,level,3,constructed,1,32454,1
00000000-0000-0000-0000-000000000006-78,00000000-0000-0000-0000-000000000006,s-6-8,2026-09-11T11:50:02.446526+00:00,ifvg-005,IFVG,recognition,zone,3,constructed,0,19758,1
00000000-0000-0000-0000-000000000006-79,00000000-0000-0000-0000-000000000006,s-6-8,2026-09-11T11:50:23.956993+00:00,mss-005,MSS,recognition,level,2,constructed,1,16510,1
00000000-0000-0000-0000-000000000006-80,00000000-0000-0000-0000-000000000006,s-6-9,2026-09-11T22:01:44.807379+00:00,ob-001,OrderBlock,recognition,zone,1,constructed,1,9473,1
00000000-0000-0000-0000-000000000006-81,00000000-0000-0000-0000-000000000006,s-6-9,2026-09-11T22:02:00.735168+00:00,ob-002,OrderBlock,recognition,zone,1,constructed,1,10927,1
00000000-0000-0000-0000-000000000006-82,00000000-0000-0000-0000-000000000006,s-6-9,2026-09-11T22:02:21.278766+00:00,pd-002,PremiumDiscount,recognition,choice,1,constructed,1,15543,1
00000000-0000-0000-0000-000000000006-83,00000000-0000-0000-0000-000000000006,s-6-9,2026-09-11T22:02:38.707019+00:00,real-mss-009,MSS,recognition,level,2,real,1,12428,1
00000000-0000-0000-0000-000000000006-84,00000000-0000-0000-0000-000000000006,s-6-9,2026-09-11T22:02:52.064182+00:00,ifvg-resp-001,IFVG,recognition,choice,2,constructed,1,8357,1
00000000-0000-0000-0000-000000000006-85,00000000-0000-0000-0000-000000000006,s-6-9,2026-09-11T22:03:05.432593+00:00,real-fvg-001,FVG,recognition,zone,1,real,1,8368,1
00000000-0000-0000-0000-000000000006-86,00000000-0000-0000-0000-000000000006,s-6-9,2026-09-11T22:03:37.835189+00:00,mss-002,MSS,recognition,level,1,constructed,1,27402,1
00000000-0000-0000-0000-000000000006-87,00000000-0000-0000-0000-000000000006,s-6-9,2026-09-11T22:04:29.381928+00:00,mss-004,MSS,recognition,level,2,constructed,0,46546,1
00000000-0000-0000-0000-000000000006-88,00000000-0000-0000-0000-000000000006,s-6-9,2026-09-11T22:04:40.713839+00:00,ifvg-resp-002,IFVG,recognition,choice,2,constructed,1,6331,1
00000000-0000-0000-0000-000000000006-89,00000000-0000-0000-0000-000000000006,s-6-9,2026-09-11T22:05:14.670392+00:00,mss-004,MSS,recognition,level,2,constructed,1,28956,1
00000000-0000-0000-0000-000000000006-90,00000000-0000-0000-0000-000000000006,s-6-10,2026-09-13T04:35:40.793744+00:00,real-mss-007,MSS,recognition,level,1,real,0,12245,1
00000000-0000-0000-0000-000000000006-91,00000000-0000-0000-0000-000000000006,s-6-10,2026-09-13T04:35:52.500726+00:00,ifvg-004,IFVG,recognition,zone,2,constructed,1,6706,1
00000000-0000-0000-0000-000000000006-92,00000000-0000-0000-0000-000000000006,s-6-10,2026-09-13T04:36:10.524747+00:00,mss-002,MSS,recognition,level,1,constructed,1,13024,1
00000000-0000-0000-0000-000000000006-93,00000000-0000-0000-0000-000000000006,s-6-10,2026-09-13T04:36:27.219185+00:00,fvg-resp-005,FVG,recognition,choice,3,constructed,1,11694,1
00000000-0000-0000-0000-000000000006-94,00000000-0000-0000-0000-000000000006,s-6-10,2026-09-13T04:36:43.138615+00:00,ifvg-resp-004,IFVG,recognition,choice,2,constructed,0,10919,1
00000000-0000-0000-0000-000000000006-95,00000000-0000-0000-0000-000000000006,s-6-10,2026-09-13T04:36:58.328322+00:00,liq-003,Liquidity,recognition,level,2,constructed,1,10189,1
00000000-0000-0000-0000-000000000006-96,00000000-0000-0000-0000-000000000006,s-6-10,2026-09-13T04:37:10.494824+00:00,ifvg-resp-005,IFVG,recognition,choice,3,constructed,1,7166,1
00000000-0000-0000-0000-000000000006-97,00000000-0000-0000-0000-000000000006,s-6-10,2026-09-13T04:37:22.844658+00:00,liq-004,Liquidity,recognition,level,2,constructed,0,7349,1
00000000-0000-0000-0000-000000000006-98,00000000-0000-0000-0000-000000000006,s-6-10,2026-09-13T04:37:40.767224+00:00,ifvg-001,IFVG,recognition,zone,1,constructed,1,12922,1
00000000-0000-0000-0000-000000000006-99,00000000-0000-0000-0000-000000000006,s-6-10,2026-09-13T04:37:58.665946+00:00,ob-001,OrderBlock,recognition,zone,1,constructed,0,12898,1
00000000-0000-0000-0000-000000000006-100,00000000-0000-0000-0000-000000000006,s-6-11,2026-09-14T16:01:53.775049+00:00,fvg-resp-003,FVG,recognition,choice,2,constructed,1,5361,1
00000000-0000-0000-0000-000000000006-101,00000000-0000-0000-0000-000000000006,s-6-11,2026-09-14T16:02:08.682164+00:00,real-mss-007,MSS,recognition,level,1,real,0,9907,1
00000000-0000-0000-0000-000000000006-102,00000000-0000-0000-0000-000000000006,s-6-11,2026-09-14T16:02:25.750417+00:00,fvg-004,FVG,recognition,zone,2,constructed,1,12068,1
00000000-0000-0000-0000-000000000006-103,00000000-0000-0000-0000-000000000006,s-6-11,2026-09-14T16:02:54.198594+00:00,ob-001,OrderBlock,recognition,zone,1,constructed,1,23448,1
00000000-0000-0000-0000-000000000006-104,00000000-0000-0000-0000-000000000006,s-6-11,2026-09-14T16:03:07.861223+00:00,real-mss-009,MSS,recognition,level,2,real,1,8662,1
00000000-0000-0000-0000-000000000006-105,00000000-0000-0000-0000-000000000006,s-6-11,2026-09-14T16:03:21.487284+00:00,real-mss-003,MSS,recognition,level,3,real,1,8626,1
00000000-0000-0000-0000-000000000007-0,00000000-0000-0000-0000-000000000007,s-7-1,2026-09-02T10:51:47.225291+00:00,real-fvg-005,FVG,recognition,zone,2,real,1,26451,1
00000000-0000-0000-0000-000000000007-1,00000000-0000-0000-0000-000000000007,s-7-1,2026-09-02T10:51:57.554807+00:00,ob-001,OrderBlock,recognition,zone,1,constructed,1,5329,1
00000000-0000-0000-0000-000000000007-2,00000000-0000-0000-0000-000000000007,s-7-1,2026-09-02T10:52:13.200860+00:00,liq-005,Liquidity,recognition,level,3,constructed,0,10646,1
00000000-0000-0000-0000-000000000007-3,00000000-0000-0000-0000-000000000007,s-7-1,2026-09-02T10:52:33.926257+00:00,fvg-004,FVG,recognition,zone,2,constructed,1,15725,1
00000000-0000-0000-0000-000000000007-4,00000000-0000-0000-0000-000000000007,s-7-1,2026-09-02T10:52:49.419260+00:00,pd-003,PremiumDiscount,recognition,choice,2,constructed,1,10493,1
00000000-0000-0000-0000-000000000007-5,00000000-0000-0000-0000-000000000007,s-7-1,2026-09-02T10:53:05.356260+00:00,real-liq-004,Liquidity,recognition,level,1,real,1,10936,1
00000000-0000-0000-0000-000000000007-6,00000000-0000-0000-0000-000000000007,s-7-1,2026-09-02T10:53:45.239827+00:00,real-fvg-001,FVG,recognition,zone,1,real,1,34883,1
00000000-0000-0000-0000-000000000007-7,00000000-0000-0000-0000-000000000007,s-7-1,2026-09-02T10:54:12.581928+00:00,liq-003,Liquidity,recognition,level,2,constructed,1,22342,1
00000000-0000-0000-0000-000000000007-8,00000000-0000-0000-0000-000000000007,s-7-1,2026-09-02T10:54:32.462162+00:00,ifvg-003,IFVG,recognition,zone,3,constructed,1,14880,1
00000000-0000-0000-0000-000000000007-9,00000000-0000-0000-0000-000000000007,s-7-1,2026-09-02T10:55:00.375881+00:00,fvg-004,FVG,recognition,zone,2,constructed,1,22913,1
00000000-0000-0000-0000-000000000007-10,00000000-0000-0000-0000-000000000007,s-7-2,2026-09-03T09:57:11.133336+00:00,fvg-001,FVG,recognition,zone,1,constructed,1,7828,1
00000000-0000-0000-0000-000000000007-11,00000000-0000-0000-0000-000000000007,s-7-2,2026-09-03T09:57:28.696494+00:00,real-fvg-009,FVG,recognition,zone,3,real,1,12563,1
00000000-0000-0000-0000-000000000007-12,00000000-0000-0000-0000-000000000007,s-7-2,2026-09-03T09:57:42.355528+00:00,fvg-resp-005,FVG,recognition,choice,3,constructed,0,8659,1
00000000-0000-0000-0000-000000000007-13,00000000-0000-0000-0000-000000000007,s-7-2,2026-09-03T09:58:05.030011+00:00,real-fvg-001,FVG,recognition,zone,1,real,1,17674,1
00000000-0000-0000-0000-000000000007-14,00000000-0000-0000-0000-000000000007,s-7-2,2026-09-03T09:58:40.779328+00:00,real-mss-010,MSS,recognition,level,3,real,1,30749,1
00000000-0000-0000-0000-000000000007-15,00000000-0000-0000-0000-000000000007,s-7-2,2026-09-03T09:59:03.148427+00:00,real-fvg-004,FVG,recognition,zone,3,real,0,17369,1
00000000-0000-0000-0000-000000000007-16,00000000-0000-0000-0000-000000000007,s-7-2,2026-09-03T09:59:27.402030+00:00,ifvg-resp-003,IFVG,recognition,choice,2,constructed,1,19253,1
00000000-0000-0000-0000-000000000007-17,00000000-0000-0000-0000-000000000007,s-7-2,2026-09-03T09:59:55.129048+00:00,real-mss-001,MSS,recognition,level,1,real,0,22727,1
00000000-0000-0000-0000-000000000007-18,00000000-0000-0000-0000-000000000007,s-7-2,2026-09-03T10:00:12.693833+00:00,real-mss-003,MSS,recognition,level,3,real,0,12564,1
00000000-0000-0000-0000-000000000007-19,00000000-0000-0000-0000-000000000007,s-7-2,2026-09-03T10:00:29.919473+00:00,pd-001,PremiumDiscount,recognition,choice,1,constructed,1,12225,1
00000000-0000-0000-0000-000000000007-20,00000000-0000-0000-0000-000000000007,s-7-3,2026-09-04T12:36:06.223600+00:00,real-liq-005,Liquidity,recognition,level,2,real,0,10367,1
00000000-0000-0000-0000-000000000007-21,00000000-0000-0000-0000-000000000007,s-7-3,2026-09-04T12:36:29.289177+00:00,tliq-003,TimeLiquidity,recognition,level,1,constructed,1,18065,1
00000000-0000-0000-0000-000000000007-22,00000000-0000-0000-0000-000000000007,s-7-3,2026-09-04T12:36:40.106388+00:00,real-mss-008,MSS,recognition,level,1,real,1,5817,1
00000000-0000-0000-0000-000000000007-23,00000000-0000-0000-0000-000000000007,s-7-3,2026-09-04T12:36:53.191343+00:00,ifvg-003,IFVG,recognition,zone,3,constructed,0,8084,1
00000000-0000-0000-0000-000000000007-24,00000000-0000-0000-0000-000000000007,s-7-3,2026-09-04T12:37:11.898548+00:00,real-fvg-009,FVG,recognition,zone,3,real,1,13707,1
00000000-0000-0000-0000-000000000007-25,00000000-0000-0000-0000-000000000007,s-7-3,2026-09-04T12:37:30.526170+00:00,real-fvg-006,FVG,recognition,zone,3,real,1,13627,1
00000000-0000-0000-0000-000000000007-26,00000000-0000-0000-0000-000000000007,s-7-3,2026-09-04T12:37:43.214325+00:00,real-fvg-007,FVG,recognition,zone,1,real,1,7688,1
00000000-0000-0000-0000-000000000007-27,00000000-0000-0000-0000-000000000007,s-7-3,2026-09-04T12:38:20.003703+00:00,tliq-004,TimeLiquidity,recognition,level,2,constructed,1,31789,1
00000000-0000-0000-0000-000000000007-28,00000000-0000-0000-0000-000000000007,s-7-3,2026-09-04T12:38:46.750402+00:00,pd-001,PremiumDiscount,recognition,choice,1,constructed,1,21746,1
00000000-0000-0000-0000-000000000007-29,00000000-0000-0000-0000-000000000007,s-7-3,2026-09-04T12:39:13.198348+00:00,mss-001,MSS,recognition,level,1,constructed,1,21447,1
00000000-0000-0000-0000-000000000007-30,00000000-0000-0000-0000-000000000007,s-7-4,2026-09-05T19:17:28.782358+00:00,tliq-004,TimeLiquidity,recognition,level,2,constructed,1,10937,1
00000000-0000-0000-0000-000000000007-31,00000000-0000-0000-0000-000000000007,s-7-4,2026-09-05T19:17:41.294693+00:00,ifvg-resp-005,IFVG,recognition,choice,3,constructed,1,7512,1
00000000-0000-0000-0000-000000000007-32,00000000-0000-0000-0000-000000000007,s-7-4,2026-09-05T19:18:03.141939+00:00,real-liq-007,Liquidity,recognition,level,1,real,1,16847,1
00000000-0000-0000-0000-000000000007-33,00000000-0000-0000-0000-000000000007,s-7-4,2026-09-05T19:18:15.200469+00:00,mss-004,MSS,recognition,level,2,constructed,1,7058,1
00000000-0000-0000-0000-000000000007-34,00000000-0000-0000-0000-000000000007,s-7-4,2026-09-05T19:18:29.588730+00:00,real-liq-002,Liquidity,recognition,level,2,real,1,9388,1
00000000-0000-0000-0000-000000000007-35,00000000-0000-0000-0000-000000000007,s-7-4,2026-09-05T19:19:04.208745+00:00,real-mss-010,MSS,recognition,level,3,real,1,29620,1
00000000-0000-0000-0000-000000000007-36,00000000-0000-0000-0000-000000000007,s-7-4,2026-09-05T19:19:22.162423+00:00,fvg-resp-003,FVG,recognition,choice,2,constructed,1,12953,1
00000000-0000-0000-0000-000000000007-37,00000000-0000-0000-0000-000000000007,s-7-4,2026-09-05T19:19:40.819420+00:00,ifvg-005,IFVG,recognition,zone,3,constructed,1,13656,1
00000000-0000-0000-0000-000000000007-38,00000000-0000-0000-0000-000000000007,s-7-4,2026-09-05T19:19:57.936366+00:00,real-fvg-005,FVG,recognition,zone,2,real,1,12116,1
00000000-0000-0000-0000-000000000007-39,00000000-0000-0000-0000-000000000007,s-7-4,2026-09-05T19:20:22.645896+00:00,real-fvg-004,FVG,recognition,zone,3,real,1,19709,1
00000000-0000-0000-0000-000000000007-40,00000000-0000-0000-0000-000000000007,s-7-5,2026-09-07T03:30:00.520387+00:00,real-fvg-004,FVG,recognition,zone,3,real,0,9333,1
00000000-0000-0000-0000-000000000007-41,00000000-0000-0000-0000-000000000007,s-7-5,2026-09-07T03:30:15.326149+00:00,real-fvg-008,FVG,recognition,zone,2,real,0,9805,1
00000000-0000-0000-0000-000000000007-42,00000000-0000-0000-0000-000000000007,s-7-5,2026-09-07T03:30:36.036581+00:00,ifvg-003,IFVG,recognition,zone,3,constructed,1,15710,1
00000000-0000-0000-0000-000000000007-43,00000000-0000-0000-0000-000000000007,s-7-5,2026-09-07T03:30:52.422052+00:00,mss-005,MSS,recognition,level,2,constructed,1,11385,1
00000000-0000-0000-0000-000000000007-44,00000000-0000-0000-0000-000000000007,s-7-5,2026-09-07T03:31:06.642383+00:00,pd-005,PremiumDiscount,recognition,choice,3,constructed,1,9220,1
00000000-0000-0000-0000-000000000007-45,00000000-0000-0000-0000-000000000007,s-7-5,2026-09-07T03:31:24.258933+00:00,tliq-005,TimeLiquidity,recognition,level,3,constructed,0,12616,1
00000000-0000-0000-0000-000000000007-46,00000000-0000-0000-0000-000000000007,s-7-5,2026-09-07T03:31:45.056640+00:00,tliq-001,TimeLiquidity,recognition,level,1,constructed,1,15797,1
00000000-0000-0000-0000-000000000007-47,00000000-0000-0000-0000-000000000007,s-7-5,2026-09-07T03:32:07.555644+00:00,fvg-001,FVG,recognition,zone,1,constructed,0,17499,1
00000000-0000-0000-0000-000000000007-48,00000000-0000-0000-0000-000000000007,s-7-5,2026-09-07T03:32:42.442924+00:00,fvg-005,FVG,recognition,zone,3,constructed,0,29887,1
00000000-0000-0000-0000-000000000007-49,00000000-0000-0000-0000-000000000007,s-7-5,2026-09-07T03:33:18.649551+00:00,fvg-001,FVG,recognition,zone,1,constructed,1,31206,1
00000000-0000-0000-0000-000000000007-50,00000000-0000-0000-0000-000000000007,s-7-6,2026-09-07T13:47:17.792983+00:00,real-fvg-006,FVG,recognition,zone,3,real,1,22109,1
00000000-0000-0000-0000-000000000007-51,00000000-0000-0000-0000-000000000007,s-7-6,2026-09-07T13:47:32.494838+00:00,fvg-003,FVG,recognition,zone,2,constructed,0,9701,1
00000000-0000-0000-0000-000000000007-52,00000000-0000-0000-0000-000000000007,s-7-6,2026-09-07T13:48:18.478074+00:00,fvg-resp-003,FVG,recognition,choice,2,constructed,1,40983,1
00000000-0000-0000-0000-000000000007-53,00000000-0000-0000-0000-000000000007,s-7-6,2026-09-07T13:48:46.197789+00:00,ob-002,OrderBlock,recognition,zone,1,constructed,1,22719,1
00000000-0000-0000-0000-000000000007-54,00000000-0000-0000-0000-000000000007,s-7-6,2026-09-07T13:49:19.079187+00:00,liq-005,Liquidity,recognition,level,3,constructed,0,27881,1
00000000-0000-0000-0000-000000000007-55,00000000-0000-0000-0000-000000000007,s-7-6,2026-09-07T13:49:41.838036+00:00,ob-002,OrderBlock,recognition,zone,1,constructed,1,17758,1
00000000-0000-0000-0000-000000000007-56,00000000-0000-0000-0000-000000000007,s-7-6,2026-09-07T13:49:57.291571+00:00,real-liq-003,Liquidity,recognition,level,3,real,0,10453,1
00000000-0000-0000-0000-000000000007-57,00000000-0000-0000-0000-000000000007,s-7-6,2026-09-07T13:50:07.257516+00:00,liq-001,Liquidity,recognition,level,1,constructed,1,4965,1
00000000-0000-0000-0000-000000000007-58,00000000-0000-0000-0000-000000000007,s-7-6,2026-09-07T13:50:38.517461+00:00,real-liq-006,Liquidity,recognition,level,3,real,0,26259,1
00000000-0000-0000-0000-000000000007-59,00000000-0000-0000-0000-000000000007,s-7-6,2026-09-07T13:50:50.465948+00:00,ob-002,OrderBlock,recognition,zone,1,constructed,1,6948,1
00000000-0000-0000-0000-000000000007-60,00000000-0000-0000-0000-000000000007,s-7-7,2026-09-08T03:20:22.595796+00:00,real-fvg-001,FVG,recognition,zone,1,real,1,26692,1
00000000-0000-0000-0000-000000000007-61,00000000-0000-0000-0000-000000000007,s-7-7,2026-09-08T03:21:01.278817+00:00,pd-003,PremiumDiscount,recognition,choice,2,constructed,1,33683,1
00000000-0000-0000-0000-000000000007-62,00000000-0000-0000-0000-000000000007,s-7-7,2026-09-08T03:21:13.608178+00:00,mss-001,MSS,recognition,level,1,constructed,1,7329,1
00000000-0000-0000-0000-000000000007-63,00000000-0000-0000-0000-000000000007,s-7-7,2026-09-08T03:21:30.883847+00:00,ifvg-003,IFVG,recognition,zone,3,constructed,0,12275,1
00000000-0000-0000-0000-000000000007-64,00000000-0000-0000-0000-000000000007,s-7-7,2026-09-08T03:21:52.619758+00:00,real-liq-006,Liquidity,recognition,level,3,real,1,16735,1
00000000-0000-0000-0000-000000000007-65,00000000-0000-0000-0000-000000000007,s-7-7,2026-09-08T03:22:05.412449+00:00,real-liq-005,Liquidity,recognition,level,2,real,1,7792,1
00000000-0000-0000-0000-000000000007-66,00000000-0000-0000-0000-000000000007,s-7-7,2026-09-08T03:22:23.394512+00:00,ifvg-005,IFVG,recognition,zone,3,constructed,1,12982,1
00000000-0000-0000-0000-000000000007-67,00000000-0000-0000-0000-000000000007,s-7-7,2026-09-08T03:22:51.791147+00:00,liq-005,Liquidity,recognition,level,3,constructed,1,23396,1
00000000-0000-0000-0000-000000000007-68,00000000-0000-0000-0000-000000000007,s-7-7,2026-09-08T03:23:06.280045+00:00,ifvg-resp-001,IFVG,recognition,choice,2,constructed,1,9488,1
00000000-0000-0000-0000-000000000007-69,00000000-0000-0000-0000-000000000007,s-7-7,2026-09-08T03:23:17.766179+00:00,real-mss-009,MSS,recognition,level,2,real,0,6486,1
00000000-0000-0000-0000-000000000007-70,00000000-0000-0000-0000-000000000007,s-7-8,2026-09-08T17:40:54.221445+00:00,pd-002,PremiumDiscount,recognition,choice,1,constructed,1,12373,1
00000000-0000-0000-0000-000000000007-71,00000000-0000-0000-0000-000000000007,s-7-8,2026-09-08T17:41:32.584420+00:00,ob-001,OrderBlock,recognition,zone,1,constructed,1,33362,1
00000000-0000-0000-0000-000000000007-72,00000000-0000-0000-0000-000000000007,s-7-8,2026-09-08T17:41:59.490042+00:00,fvg-002,FVG,recognition,zone,1,constructed,1,21905,1
00000000-0000-0000-0000-000000000007-73,00000000-0000-0000-0000-000000000007,s-7-8,2026-09-08T17:42:20.616391+00:00,tliq-001,TimeLiquidity,recognition,level,1,constructed,1,16126,1
00000000-0000-0000-0000-000000000007-74,00000000-0000-0000-0000-000000000007,s-7-8,2026-09-08T17:42:38.719400+00:00,real-fvg-003,FVG,recognition,zone,3,real,1,13103,1
00000000-0000-0000-0000-000000000007-75,00000000-0000-0000-0000-000000000007,s-7-8,2026-09-08T17:42:53.699903+00:00,tliq-004,TimeLiquidity,recognition,level,2,constructed,1,9980,1
00000000-0000-0000-0000-000000000007-76,00000000-0000-0000-0000-000000000007,s-7-8,2026-09-08T17:43:23.198309+00:00,mss-003,MSS,recognition,level,3,constructed,0,24498,1
00000000-0000-0000-0000-000000000007-77,00000000-0000-0000-0000-000000000007,s-7-8,2026-09-08T17:43:40.559149+00:00,ifvg-005,IFVG,recognition,zone,3,constructed,0,12360,1
00000000-0000-0000-0000-000000000007-78,00000000-0000-0000-0000-000000000007,s-7-8,2026-09-08T17:43:55.250426+00:00,ifvg-resp-004,IFVG,recognition,choice,2,constructed,1,9691,1
00000000-0000-0000-0000-000000000007-79,00000000-0000-0000-0000-000000000007,s-7-8,2026-09-08T17:44:11.872731+00:00,tliq-005,TimeLiquidity,recognition,level,3,constructed,0,11622,1
00000000-0000-0000-0000-000000000007-80,00000000-0000-0000-0000-000000000007,s-7-9,2026-09-10T03:40:58.228103+00:00,real-liq-006,Liquidity,recognition,level,3,real,0,6645,1
00000000-0000-0000-0000-000000000007-81,00000000-0000-0000-0000-000000000007,s-7-9,2026-09-10T03:41:13.422400+00:00,real-mss-001,MSS,recognition,level,1,real,1,10194,1
00000000-0000-0000-0000-000000000007-82,00000000-0000-0000-0000-000000000007,s-7-9,2026-09-10T03:41:32.487904+00:00,liq-002,Liquidity,recognition,level,1,constructed,1,14065,1
00000000-0000-0000-0000-000000000007-83,00000000-0000-0000-0000-000000000007,s-7-9,2026-09-10T03:41:57.675136+00:00,tliq-001,TimeLiquidity,recognition,level,1,constructed,1,20187,1
00000000-0000-0000-0000-000000000007-84,00000000-0000-0000-0000-000000000007,s-7-9,2026-09-10T03:42:16.769680+00:00,ob-004,OrderBlock,recognition,zone,2,constructed,1,14094,1
00000000-0000-0000-0000-000000000007-85,00000000-0000-0000-0000-000000000007,s-7-9,2026-09-10T03:42:28.830789+00:00,real-liq-002,Liquidity,recognition,level,2,real,1,7061,1
00000000-0000-0000-0000-000000000007-86,00000000-0000-0000-0000-000000000007,s-7-9,2026-09-10T03:42:37.317819+00:00,real-fvg-002,FVG,recognition,zone,2,real,1,3487,1
00000000-0000-0000-0000-000000000007-87,00000000-0000-0000-0000-000000000007,s-7-9,2026-09-10T03:42:57.640620+00:00,real-mss-002,MSS,recognition,level,2,real,1,15322,1
00000000-0000-0000-0000-000000000007-88,00000000-0000-0000-0000-000000000007,s-7-9,2026-09-10T03:43:23.981396+00:00,mss-001,MSS,recognition,level,1,constructed,0,21340,1
00000000-0000-0000-0000-000000000007-89,00000000-0000-0000-0000-000000000007,s-7-9,2026-09-10T03:43:49.813824+00:00,ifvg-resp-005,IFVG,recognition,choice,3,constructed,1,20832,1
00000000-0000-0000-0000-000000000007-90,00000000-0000-0000-0000-000000000007,s-7-10,2026-09-11T19:38:43.345171+00:00,mss-004,MSS,recognition,level,2,constructed,0,8354,1
00000000-0000-0000-0000-000000000007-91,00000000-0000-0000-0000-000000000007,s-7-10,2026-09-11T19:39:12.241465+00:00,real-mss-001,MSS,recognition,level,1,real,0,23896,1
00000000-0000-0000-0000-000000000007-92,00000000-0000-0000-0000-000000000007,s-7-10,2026-09-11T19:39:32.067480+00:00,tliq-002,TimeLiquidity,recognition,level,2,constructed,1,14826,1
00000000-0000-0000-0000-000000000007-93,00000000-0000-0000-0000-000000000007,s-7-10,2026-09-11T19:39:51.930735+00:00,real-fvg-007,FVG,recognition,zone,1,real,1,14863,1
00000000-0000-0000-0000-000000000007-94,00000000-0000-0000-0000-000000000007,s-7-10,2026-09-11T19:40:08.487794+00:00,real-fvg-010,FVG,recognition,zone,1,real,1,11557,1
00000000-0000-0000-0000-000000000007-95,00000000-0000-0000-0000-000000000007,s-7-10,2026-09-11T19:40:43.346575+00:00,real-mss-003,MSS,recognition,level,3,real,1,29858,1
00000000-0000-0000-0000-000000000007-96,00000000-0000-0000-0000-000000000007,s-7-10,2026-09-11T19:40:59.164190+00:00,real-liq-010,Liquidity,recognition,level,1,real,1,10817,1
00000000-0000-0000-0000-000000000007-97,00000000-0000-0000-0000-000000000007,s-7-10,2026-09-11T19:41:15.047203+00:00,ob-005,OrderBlock,recognition,zone,3,constructed,0,10883,1
00000000-0000-0000-0000-000000000007-98,00000000-0000-0000-0000-000000000007,s-7-10,2026-09-11T19:41:42.334190+00:00,real-fvg-006,FVG,recognition,zone,3,real,1,22286,1
00000000-0000-0000-0000-000000000007-99,00000000-0000-0000-0000-000000000007,s-7-10,2026-09-11T19:42:06.444521+00:00,real-fvg-004,FVG,recognition,zone,3,real,1,19110,1
00000000-0000-0000-0000-000000000007-100,00000000-0000-0000-0000-000000000007,s-7-11,2026-09-13T10:09:27.055479+00:00,ifvg-001,IFVG,recognition,zone,1,constructed,0,8036,1
00000000-0000-0000-0000-000000000007-101,00000000-0000-0000-0000-000000000007,s-7-11,2026-09-13T10:10:03.677657+00:00,real-fvg-001,FVG,recognition,zone,1,real,1,31622,1
00000000-0000-0000-0000-000000000007-102,00000000-0000-0000-0000-000000000007,s-7-11,2026-09-13T10:10:24.018911+00:00,ifvg-resp-003,IFVG,recognition,choice,2,constructed,1,15341,1
00000000-0000-0000-0000-000000000007-103,00000000-0000-0000-0000-000000000007,s-7-11,2026-09-13T10:10:37.783382+00:00,liq-005,Liquidity,recognition,level,3,constructed,0,8764,1
00000000-0000-0000-0000-000000000007-104,00000000-0000-0000-0000-000000000007,s-7-11,2026-09-13T10:11:01.135351+00:00,real-mss-002,MSS,recognition,level,2,real,0,18351,1
00000000-0000-0000-0000-000000000007-105,00000000-0000-0000-0000-000000000007,s-7-11,2026-09-13T10:11:34.753726+00:00,ob-001,OrderBlock,recognition,zone,1,constructed,1,28618,1
00000000-0000-0000-0000-000000000007-106,00000000-0000-0000-0000-000000000007,s-7-11,2026-09-13T10:12:02.095697+00:00,real-mss-001,MSS,recognition,level,1,real,1,22341,1
00000000-0000-0000-0000-000000000007-107,00000000-0000-0000-0000-000000000007,s-7-11,2026-09-13T10:12:15.163368+00:00,ifvg-resp-003,IFVG,recognition,choice,2,constructed,1,8067,1
00000000-0000-0000-0000-000000000007-108,00000000-0000-0000-0000-000000000007,s-7-11,2026-09-13T10:12:30.256740+00:00,real-liq-003,Liquidity,recognition,level,3,real,1,10093,1
00000000-0000-0000-0000-000000000007-109,00000000-0000-0000-0000-000000000007,s-7-11,2026-09-13T10:12:49.018784+00:00,fvg-003,FVG,recognition,zone,2,constructed,1,13762,1
00000000-0000-0000-0000-000000000007-110,00000000-0000-0000-0000-000000000007,s-7-12,2026-09-13T23:34:19.343033+00:00,pd-004,PremiumDiscount,recognition,choice,2,constructed,1,7785,1
00000000-0000-0000-0000-000000000007-111,00000000-0000-0000-0000-000000000007,s-7-12,2026-09-13T23:34:40.946509+00:00,pd-005,PremiumDiscount,recognition,choice,3,constructed,1,16603,1
00000000-0000-0000-0000-000000000007-112,00000000-0000-0000-0000-000000000007,s-7-12,2026-09-13T23:34:55.911458+00:00,pd-001,PremiumDiscount,recognition,choice,1,constructed,1,9964,1
00000000-0000-0000-0000-000000000007-113,00000000-0000-0000-0000-000000000007,s-7-12,2026-09-13T23:35:26.955402+00:00,mss-003,MSS,recognition,level,3,constructed,1,26043,1
00000000-0000-0000-0000-000000000007-114,00000000-0000-0000-0000-000000000007,s-7-12,2026-09-13T23:35:47.674789+00:00,real-mss-003,MSS,recognition,level,3,real,1,15719,1
00000000-0000-0000-0000-000000000007-115,00000000-0000-0000-0000-000000000007,s-7-12,2026-09-13T23:36:10.661303+00:00,real-liq-002,Liquidity,recognition,level,2,real,1,17986,1
00000000-0000-0000-0000-000000000007-116,00000000-0000-0000-0000-000000000007,s-7-12,2026-09-13T23:36:24.291936+00:00,tliq-001,TimeLiquidity,recognition,level,1,constructed,1,8630,1
00000000-0000-0000-0000-000000000007-117,00000000-0000-0000-0000-000000000007,s-7-12,2026-09-13T23:36:34.500288+00:00,real-fvg-001,FVG,recognition,zone,1,real,0,5208,1
00000000-0000-0000-0000-000000000007-118,00000000-0000-0000-0000-000000000007,s-7-12,2026-09-13T23:37:01.862214+00:00,pd-004,PremiumDiscount,recognition,choice,2,constructed,1,22361,1
00000000-0000-0000-0000-000000000007-119,00000000-0000-0000-0000-000000000007,s-7-12,2026-09-13T23:37:14.310039+00:00,ob-001,OrderBlock,recognition,zone,1,constructed,1,7447,1
00000000-0000-0000-0000-000000000007-120,00000000-0000-0000-0000-000000000007,s-7-13,2026-09-14T08:06:50.788510+00:00,real-mss-007,MSS,recognition,level,1,real,1,15391,1
00000000-0000-0000-0000-000000000007-121,00000000-0000-0000-0000-000000000007,s-7-13,2026-09-14T08:07:08.059793+00:00,real-fvg-010,FVG,recognition,zone,1,real,1,12271,1
00000000-0000-0000-0000-000000000007-122,00000000-0000-0000-0000-000000000007,s-7-13,2026-09-14T08:07:39.803968+00:00,real-fvg-004,FVG,recognition,zone,3,real,1,26744,1
00000000-0000-0000-0000-000000000007-123,00000000-0000-0000-0000-000000000007,s-7-13,2026-09-14T08:07:56.706115+00:00,real-liq-004,Liquidity,recognition,level,1,real,0,11902,1
00000000-0000-0000-0000-000000000007-124,00000000-0000-0000-0000-000000000007,s-7-13,2026-09-14T08:08:09.035286+00:00,real-fvg-010,FVG,recognition,zone,1,real,1,7329,1
00000000-0000-0000-0000-000000000007-125,00000000-0000-0000-0000-000000000007,s-7-13,2026-09-14T08:08:24.974001+00:00,ifvg-004,IFVG,recognition,zone,2,constructed,1,10938,1
00000000-0000-0000-0000-000000000007-126,00000000-0000-0000-0000-000000000007,s-7-13,2026-09-14T08:08:42.062613+00:00,liq-004,Liquidity,recognition,level,2,constructed,0,12088,1
00000000-0000-0000-0000-000000000007-127,00000000-0000-0000-0000-000000000007,s-7-13,2026-09-14T08:08:53.038009+00:00,tliq-002,TimeLiquidity,recognition,level,2,constructed,1,5975,1
00000000-0000-0000-0000-000000000007-128,00000000-0000-0000-0000-000000000007,s-7-13,2026-09-14T08:09:11.870149+00:00,pd-002,PremiumDiscount,recognition,choice,1,constructed,1,13832,1
00000000-0000-0000-0000-000000000007-129,00000000-0000-0000-0000-000000000007,s-7-13,2026-09-14T08:09:23.987687+00:00,fvg-001,FVG,recognition,zone,1,constructed,1,7117,1
00000000-0000-0000-0000-000000000007-130,00000000-0000-0000-0000-000000000007,s-7-14,2026-09-15T11:03:39.129854+00:00,tliq-005,TimeLiquidity,recognition,level,3,constructed,1,13731,1
00000000-0000-0000-0000-000000000007-131,00000000-0000-0000-0000-000000000007,s-7-14,2026-09-15T11:04:02.023078+00:00,real-liq-001,Liquidity,recognition,level,1,real,1,17893,1
00000000-0000-0000-0000-000000000007-132,00000000-0000-0000-0000-000000000007,s-7-14,2026-09-15T11:04:19.681863+00:00,pd-005,PremiumDiscount,recognition,choice,3,constructed,1,12658,1
00000000-0000-0000-0000-000000000007-133,00000000-0000-0000-0000-000000000007,s-7-14,2026-09-15T11:04:55.100028+00:00,ifvg-003,IFVG,recognition,zone,3,constructed,0,30418,1
00000000-0000-0000-0000-000000000007-134,00000000-0000-0000-0000-000000000007,s-7-14,2026-09-15T11:05:06.583591+00:00,real-mss-010,MSS,recognition,level,3,real,0,6483,1
00000000-0000-0000-0000-000000000007-135,00000000-0000-0000-0000-000000000007,s-7-14,2026-09-15T11:05:28.830659+00:00,real-mss-007,MSS,recognition,level,1,real,0,17247,1
00000000-0000-0000-0000-000000000007-136,00000000-0000-0000-0000-000000000007,s-7-14,2026-09-15T11:05:57.242339+00:00,real-liq-008,Liquidity,recognition,level,2,real,1,23411,1
00000000-0000-0000-0000-000000000007-137,00000000-0000-0000-0000-000000000007,s-7-14,2026-09-15T11:06:13.549007+00:00,ifvg-resp-002,IFVG,recognition,choice,2,constructed,1,11306,1
00000000-0000-0000-0000-000000000007-138,00000000-0000-0000-0000-000000000007,s-7-14,2026-09-15T11:06:28.111908+00:00,real-fvg-001,FVG,recognition,zone,1,real,1,9562,1
00000000-0000-0000-0000-000000000007-139,00000000-0000-0000-0000-000000000007,s-7-14,2026-09-15T11:06:41.374171+00:00,real-mss-004,MSS,recognition,level,1,real,1,8262,1
00000000-0000-0000-0000-000000000007-140,00000000-0000-0000-0000-000000000007,s-7-15,2026-09-16T06:42:42.771292+00:00,tliq-002,TimeLiquidity,recognition,level,2,constructed,1,7351,1
00000000-0000-0000-0000-000000000007-141,00000000-0000-0000-0000-000000000007,s-7-15,2026-09-16T06:43:01.015184+00:00,tliq-001,TimeLiquidity,recognition,level,1,constructed,1,13243,1
00000000-0000-0000-0000-000000000007-142,00000000-0000-0000-0000-000000000007,s-7-15,2026-09-16T06:43:14.356014+00:00,real-liq-004,Liquidity,recognition,level,1,real,1,8340,1
00000000-0000-0000-0000-000000000007-143,00000000-0000-0000-0000-000000000007,s-7-15,2026-09-16T06:43:27.970780+00:00,fvg-002,FVG,recognition,zone,1,constructed,1,8614,1
00000000-0000-0000-0000-000000000007-144,00000000-0000-0000-0000-000000000007,s-7-15,2026-09-16T06:43:50.630998+00:00,real-mss-003,MSS,recognition,level,3,real,1,17660,1
00000000-0000-0000-0000-000000000007-145,00000000-0000-0000-0000-000000000007,s-7-15,2026-09-16T06:44:16.939660+00:00,tliq-003,TimeLiquidity,recognition,level,1,constructed,1,21308,1
00000000-0000-0000-0000-000000000007-146,00000000-0000-0000-0000-000000000007,s-7-15,2026-09-16T06:44:33.233282+00:00,ifvg-001,IFVG,recognition,zone,1,constructed,1,11293,1
00000000-0000-0000-0000-000000000007-147,00000000-0000-0000-0000-000000000007,s-7-15,2026-09-16T06:44:54.474066+00:00,fvg-resp-001,FVG,recognition,choice,1,constructed,1,16240,1
00000000-0000-0000-0000-000000000007-148,00000000-0000-0000-0000-000000000007,s-7-15,2026-09-16T06:45:14.164949+00:00,real-liq-003,Liquidity,recognition,level,3,real,1,14690,1
00000000-0000-0000-0000-000000000007-149,00000000-0000-0000-0000-000000000007,s-7-15,2026-09-16T06:45:55.387011+00:00,pd-001,PremiumDiscount,recognition,choice,1,constructed,1,36222,1
00000000-0000-0000-0000-000000000007-150,00000000-0000-0000-0000-000000000007,s-7-16,2026-09-16T21:18:45.687044+00:00,real-mss-010,MSS,recognition,level,3,real,0,14367,1
00000000-0000-0000-0000-000000000007-151,00000000-0000-0000-0000-000000000007,s-7-16,2026-09-16T21:19:15.159097+00:00,tliq-004,TimeLiquidity,recognition,level,2,constructed,1,24472,1
00000000-0000-0000-0000-000000000007-152,00000000-0000-0000-0000-000000000007,s-7-16,2026-09-16T21:19:30.326496+00:00,pd-002,PremiumDiscount,recognition,choice,1,constructed,1,10167,1
00000000-0000-0000-0000-000000000008-0,00000000-0000-0000-0000-000000000008,s-8-1,2026-09-03T23:52:00.682229+00:00,ob-001,OrderBlock,recognition,zone,1,constructed,0,28357,1
00000000-0000-0000-0000-000000000008-1,00000000-0000-0000-0000-000000000008,s-8-1,2026-09-03T23:52:50.567165+00:00,real-liq-010,Liquidity,recognition,level,1,real,1,44884,1
00000000-0000-0000-0000-000000000008-2,00000000-0000-0000-0000-000000000008,s-8-1,2026-09-03T23:53:03.736483+00:00,liq-004,Liquidity,recognition,level,2,constructed,0,8169,1
00000000-0000-0000-0000-000000000008-3,00000000-0000-0000-0000-000000000008,s-8-1,2026-09-03T23:53:21.947762+00:00,ob-004,OrderBlock,recognition,zone,2,constructed,0,13211,1
00000000-0000-0000-0000-000000000008-4,00000000-0000-0000-0000-000000000008,s-8-1,2026-09-03T23:53:35.030725+00:00,fvg-resp-003,FVG,recognition,choice,2,constructed,1,8082,1
00000000-0000-0000-0000-000000000008-5,00000000-0000-0000-0000-000000000008,s-8-1,2026-09-03T23:54:01.219180+00:00,real-liq-006,Liquidity,recognition,level,3,real,0,21188,1
00000000-0000-0000-0000-000000000008-6,00000000-0000-0000-0000-000000000008,s-8-1,2026-09-03T23:54:16.405354+00:00,real-liq-005,Liquidity,recognition,level,2,real,1,10186,1
00000000-0000-0000-0000-000000000008-7,00000000-0000-0000-0000-000000000008,s-8-1,2026-09-03T23:54:26.311418+00:00,liq-001,Liquidity,recognition,level,1,constructed,1,4906,1
00000000-0000-0000-0000-000000000008-8,00000000-0000-0000-0000-000000000008,s-8-1,2026-09-03T23:54:46.654389+00:00,ob-001,OrderBlock,recognition,zone,1,constructed,0,15342,1
00000000-0000-0000-0000-000000000008-9,00000000-0000-0000-0000-000000000008,s-8-1,2026-09-03T23:55:05.647461+00:00,fvg-003,FVG,recognition,zone,2,constructed,1,13993,1
00000000-0000-0000-0000-000000000008-10,00000000-0000-0000-0000-000000000008,s-8-2,2026-09-05T14:19:15.760628+00:00,liq-002,Liquidity,recognition,level,1,constructed,0,10710,1
00000000-0000-0000-0000-000000000008-11,00000000-0000-0000-0000-000000000008,s-8-2,2026-09-05T14:19:36.115088+00:00,real-liq-009,Liquidity,recognition,level,3,real,0,15354,1
00000000-0000-0000-0000-000000000008-12,00000000-0000-0000-0000-000000000008,s-8-2,2026-09-05T14:19:45.745849+00:00,fvg-005,FVG,recognition,zone,3,constructed,1,4630,1
00000000-0000-0000-0000-000000000008-13,00000000-0000-0000-0000-000000000008,s-8-2,2026-09-05T14:20:11.581332+00:00,fvg-resp-001,FVG,recognition,choice,1,constructed,1,20835,1
00000000-0000-0000-0000-000000000008-14,00000000-0000-0000-0000-000000000008,s-8-2,2026-09-05T14:20:31.054727+00:00,tliq-001,TimeLiquidity,recognition,level,1,constructed,0,14473,1
00000000-0000-0000-0000-000000000008-15,00000000-0000-0000-0000-000000000008,s-8-2,2026-09-05T14:20:41.571808+00:00,mss-003,MSS,recognition,level,3,constructed,0,5517,1
00000000-0000-0000-0000-000000000008-16,00000000-0000-0000-0000-000000000008,s-8-2,2026-09-05T14:20:56.266199+00:00,liq-005,Liquidity,recognition,level,3,constructed,1,9694,1
00000000-0000-0000-0000-000000000008-17,00000000-0000-0000-0000-000000000008,s-8-2,2026-09-05T14:21:40.152170+00:00,real-mss-006,MSS,recognition,level,3,real,0,38885,1
00000000-0000-0000-0000-000000000008-18,00000000-0000-0000-0000-000000000008,s-8-2,2026-09-05T14:22:09.076026+00:00,mss-002,MSS,recognition,level,1,constructed,0,23923,1
00000000-0000-0000-0000-000000000008-19,00000000-0000-0000-0000-000000000008,s-8-2,2026-09-05T14:22:25.988244+00:00,fvg-001,FVG,recognition,zone,1,constructed,0,11912,1
00000000-0000-0000-0000-000000000008-20,00000000-0000-0000-0000-000000000008,s-8-3,2026-09-06T08:26:21.911271+00:00,fvg-resp-003,FVG,recognition,choice,2,constructed,1,21099,1
00000000-0000-0000-0000-000000000008-21,00000000-0000-0000-0000-000000000008,s-8-3,2026-09-06T08:26:33.587579+00:00,tliq-001,TimeLiquidity,recognition,level,1,constructed,1,6676,1
00000000-0000-0000-0000-000000000008-22,00000000-0000-0000-0000-000000000008,s-8-3,2026-09-06T08:26:46.198389+00:00,mss-005,MSS,recognition,level,2,constructed,1,7610,1
00000000-0000-0000-0000-000000000008-23,00000000-0000-0000-0000-000000000008,s-8-3,2026-09-06T08:27:07.426508+00:00,real-fvg-001,FVG,recognition,zone,1,real,0,16228,1
00000000-0000-0000-0000-000000000008-24,00000000-0000-0000-0000-000000000008,s-8-3,2026-09-06T08:27:22.326671+00:00,mss-001,MSS,recognition,level,1,constructed,0,9900,1
00000000-0000-0000-0000-000000000008-25,00000000-0000-0000-0000-000000000008,s-8-3,2026-09-06T08:27:43.345236+00:00,real-fvg-001,FVG,recognition,zone,1,real,0,16018,1
00000000-0000-0000-0000-000000000008-26,00000000-0000-0000-0000-000000000008,s-8-3,2026-09-06T08:27:57.699361+00:00,ifvg-005,IFVG,recognition,zone,3,constructed,0,9354,1
00000000-0000-0000-0000-000000000008-27,00000000-0000-0000-0000-000000000008,s-8-3,2026-09-06T08:28:33.918658+00:00,fvg-003,FVG,recognition,zone,2,constructed,1,31219,1
00000000-0000-0000-0000-000000000008-28,00000000-0000-0000-0000-000000000008,s-8-3,2026-09-06T08:28:49.486535+00:00,real-mss-007,MSS,recognition,level,1,real,0,10567,1
00000000-0000-0000-0000-000000000008-29,00000000-0000-0000-0000-000000000008,s-8-3,2026-09-06T08:28:59.756902+00:00,real-mss-005,MSS,recognition,level,2,real,1,5270,1
00000000-0000-0000-0000-000000000008-30,00000000-0000-0000-0000-000000000008,s-8-4,2026-09-07T14:38:36.337486+00:00,real-mss-007,MSS,recognition,level,1,real,0,6369,1
00000000-0000-0000-0000-000000000008-31,00000000-0000-0000-0000-000000000008,s-8-4,2026-09-07T14:38:51.993904+00:00,real-fvg-009,FVG,recognition,zone,3,real,1,10656,1
00000000-0000-0000-0000-000000000008-32,00000000-0000-0000-0000-000000000008,s-8-4,2026-09-07T14:39:06.606062+00:00,real-mss-009,MSS,recognition,level,2,real,0,9612,1
00000000-0000-0000-0000-000000000008-33,00000000-0000-0000-0000-000000000008,s-8-4,2026-09-07T14:39:19.328846+00:00,real-fvg-008,FVG,recognition,zone,2,real,1,7722,1
00000000-0000-0000-0000-000000000008-34,00000000-0000-0000-0000-000000000008,s-8-4,2026-09-07T14:39:49.636382+00:00,ifvg-resp-001,IFVG,recognition,choice,2,constructed,0,25307,1
00000000-0000-0000-0000-000000000008-35,00000000-0000-0000-0000-000000000008,s-8-4,2026-09-07T14:40:06.892812+00:00,real-fvg-003,FVG,recognition,zone,3,real,1,12256,1
00000000-0000-0000-0000-000000000008-36,00000000-0000-0000-0000-000000000008,s-8-4,2026-09-07T14:40:18.028345+00:00,liq-003,Liquidity,recognition,level,2,constructed,1,6135,1
00000000-0000-0000-0000-000000000008-37,00000000-0000-0000-0000-000000000008,s-8-4,2026-09-07T14:40:40.299793+00:00,mss-004,MSS,recognition,level,2,constructed,1,17271,1
00000000-0000-0000-0000-000000000008-38,00000000-0000-0000-0000-000000000008,s-8-4,2026-09-07T14:41:15.945518+00:00,real-mss-010,MSS,recognition,level,3,real,0,30645,1
00000000-0000-0000-0000-000000000008-39,00000000-0000-0000-0000-000000000008,s-8-4,2026-09-07T14:41:28.852121+00:00,real-fvg-002,FVG,recognition,zone,2,real,1,7906,1
00000000-0000-0000-0000-000000000008-40,00000000-0000-0000-0000-000000000008,s-8-5,2026-09-08T15:05:07.097807+00:00,real-fvg-007,FVG,recognition,zone,1,real,0,31121,1
00000000-0000-0000-0000-000000000008-41,00000000-0000-0000-0000-000000000008,s-8-5,2026-09-08T15:05:43.205090+00:00,real-fvg-004,FVG,recognition,zone,3,real,0,31107,1
00000000-0000-0000-0000-000000000008-42,00000000-0000-0000-0000-000000000008,s-8-5,2026-09-08T15:05:59.179905+00:00,real-liq-009,Liquidity,recognition,level,3,real,0,10974,1
00000000-0000-0000-0000-000000000008-43,00000000-0000-0000-0000-000000000008,s-8-5,2026-09-08T15:06:28.085539+00:00,tliq-003,TimeLiquidity,recognition,level,1,constructed,1,23905,1
00000000-0000-0000-0000-000000000008-44,00000000-0000-0000-0000-000000000008,s-8-5,2026-09-08T15:06:48.027735+00:00,mss-003,MSS,recognition,level,3,constructed,1,14942,1
00000000-0000-0000-0000-000000000008-45,00000000-0000-0000-0000-000000000008,s-8-5,2026-09-08T15:07:02.558443+00:00,real-fvg-003,FVG,recognition,zone,3,real,0,9530,1
00000000-0000-0000-0000-000000000008-46,00000000-0000-0000-0000-000000000008,s-8-5,2026-09-08T15:07:21.895272+00:00,ifvg-resp-003,IFVG,recognition,choice,2,constructed,0,14336,1
00000000-0000-0000-0000-000000000008-47,00000000-0000-0000-0000-000000000008,s-8-5,2026-09-08T15:08:01.217813+00:00,mss-003,MSS,recognition,level,3,constructed,0,34322,1
00000000-0000-0000-0000-000000000008-48,00000000-0000-0000-0000-000000000008,s-8-5,2026-09-08T15:08:18.686325+00:00,real-mss-005,MSS,recognition,level,2,real,0,12468,1
00000000-0000-0000-0000-000000000008-49,00000000-0000-0000-0000-000000000008,s-8-5,2026-09-08T15:08:40.931566+00:00,real-liq-010,Liquidity,recognition,level,1,real,0,17245,1
00000000-0000-0000-0000-000000000008-50,00000000-0000-0000-0000-000000000008,s-8-6,2026-09-10T05:39:43.973912+00:00,real-mss-009,MSS,recognition,level,2,real,1,9807,1
00000000-0000-0000-0000-000000000008-51,00000000-0000-0000-0000-000000000008,s-8-6,2026-09-10T05:40:04.102787+00:00,ifvg-005,IFVG,recognition,zone,3,constructed,1,15128,1
00000000-0000-0000-0000-000000000008-52,00000000-0000-0000-0000-000000000008,s-8-6,2026-09-10T05:40:55.324593+00:00,real-liq-003,Liquidity,recognition,level,3,real,0,46221,1
00000000-0000-0000-0000-000000000008-53,00000000-0000-0000-0000-000000000008,s-8-6,2026-09-10T05:41:12.215072+00:00,fvg-resp-005,FVG,recognition,choice,3,constructed,1,11890,1
00000000-0000-0000-0000-000000000008-54,00000000-0000-0000-0000-000000000008,s-8-6,2026-09-10T05:41:37.656223+00:00,ifvg-resp-001,IFVG,recognition,choice,2,constructed,0,20441,1
00000000-0000-0000-0000-000000000008-55,00000000-0000-0000-0000-000000000008,s-8-6,2026-09-10T05:42:06.070538+00:00,ob-004,OrderBlock,recognition,zone,2,constructed,0,23414,1
00000000-0000-0000-0000-000000000008-56,00000000-0000-0000-0000-000000000008,s-8-6,2026-09-10T05:42:25.084208+00:00,liq-005,Liquidity,recognition,level,3,constructed,0,14013,1
00000000-0000-0000-0000-000000000008-57,00000000-0000-0000-0000-000000000008,s-8-6,2026-09-10T05:42:43.381375+00:00,real-fvg-005,FVG,recognition,zone,2,real,0,13297,1
00000000-0000-0000-0000-000000000008-58,00000000-0000-0000-0000-000000000008,s-8-6,2026-09-10T05:42:57.394493+00:00,real-fvg-006,FVG,recognition,zone,3,real,0,9013,1
00000000-0000-0000-0000-000000000008-59,00000000-0000-0000-0000-000000000008,s-8-6,2026-09-10T05:43:15.792772+00:00,liq-001,Liquidity,recognition,level,1,constructed,1,13398,1
00000000-0000-0000-0000-000000000008-60,00000000-0000-0000-0000-000000000008,s-8-7,2026-09-11T11:52:50.713356+00:00,liq-001,Liquidity,recognition,level,1,constructed,1,30246,1
00000000-0000-0000-0000-000000000008-61,00000000-0000-0000-0000-000000000008,s-8-7,2026-09-11T11:53:06.837380+00:00,real-mss-009,MSS,recognition,level,2,real,1,11124,1
00000000-0000-0000-0000-000000000008-62,00000000-0000-0000-0000-000000000008,s-8-7,2026-09-11T11:53:24.942007+00:00,pd-004,PremiumDiscount,recognition,choice,2,constructed,1,13104,1
00000000-0000-0000-0000-000000000008-63,00000000-0000-0000-0000-000000000008,s-8-7,2026-09-11T11:53:46.088152+00:00,mss-004,MSS,recognition,level,2,constructed,0,16146,1
00000000-0000-0000-0000-000000000008-64,00000000-0000-0000-0000-000000000008,s-8-7,2026-09-11T11:53:59.203807+00:00,liq-005,Liquidity,recognition,level,3,constructed,0,8115,1
00000000-0000-0000-0000-000000000008-65,00000000-0000-0000-0000-000000000008,s-8-7,2026-09-11T11:54:23.836601+00:00,liq-001,Liquidity,recognition,level,1,constructed,1,19632,1
00000000-0000-0000-0000-000000000008-66,00000000-0000-0000-0000-000000000008,s-8-7,2026-09-11T11:54:52.396382+00:00,liq-005,Liquidity,recognition,level,3,constructed,0,23559,1
00000000-0000-0000-0000-000000000008-67,00000000-0000-0000-0000-000000000008,s-8-7,2026-09-11T11:55:21.106682+00:00,mss-004,MSS,recognition,level,2,constructed,1,23710,1
00000000-0000-0000-0000-000000000008-68,00000000-0000-0000-0000-000000000008,s-8-7,2026-09-11T11:55:41.624785+00:00,ifvg-resp-004,IFVG,recognition,choice,2,constructed,1,15518,1
00000000-0000-0000-0000-000000000008-69,00000000-0000-0000-0000-000000000008,s-8-7,2026-09-11T11:55:55.252789+00:00,real-fvg-002,FVG,recognition,zone,2,real,0,8628,1
00000000-0000-0000-0000-000000000008-70,00000000-0000-0000-0000-000000000008,s-8-8,2026-09-12T10:31:52.294805+00:00,tliq-001,TimeLiquidity,recognition,level,1,constructed,1,6142,1
00000000-0000-0000-0000-000000000008-71,00000000-0000-0000-0000-000000000008,s-8-8,2026-09-12T10:32:27.815439+00:00,real-fvg-003,FVG,recognition,zone,3,real,1,30520,1
00000000-0000-0000-0000-000000000008-72,00000000-0000-0000-0000-000000000008,s-8-8,2026-09-12T10:32:46.411625+00:00,real-liq-004,Liquidity,recognition,level,1,real,1,13596,1
00000000-0000-0000-0000-000000000008-73,00000000-0000-0000-0000-000000000008,s-8-8,2026-09-12T10:33:10.183637+00:00,mss-003,MSS,recognition,level,3,constructed,1,18772,1
00000000-0000-0000-0000-000000000008-74,00000000-0000-0000-0000-000000000008,s-8-8,2026-09-12T10:33:24.761194+00:00,ob-005,OrderBlock,recognition,zone,3,constructed,0,9577,1
00000000-0000-0000-0000-000000000008-75,00000000-0000-0000-0000-000000000008,s-8-8,2026-09-12T10:33:51.639758+00:00,ifvg-resp-001,IFVG,recognition,choice,2,constructed,1,21878,1
00000000-0000-0000-0000-000000000008-76,00000000-0000-0000-0000-000000000008,s-8-8,2026-09-12T10:34:33.035161+00:00,fvg-resp-003,FVG,recognition,choice,2,constructed,0,36395,1
00000000-0000-0000-0000-000000000008-77,00000000-0000-0000-0000-000000000008,s-8-8,2026-09-12T10:35:05.204590+00:00,ob-002,OrderBlock,recognition,zone,1,constructed,0,27169,1
00000000-0000-0000-0000-000000000008-78,00000000-0000-0000-0000-000000000008,s-8-8,2026-09-12T10:35:23.268342+00:00,fvg-resp-001,FVG,recognition,choice,1,constructed,1,13063,1
00000000-0000-0000-0000-000000000008-79,00000000-0000-0000-0000-000000000008,s-8-8,2026-09-12T10:35:49.032220+00:00,ifvg-002,IFVG,recognition,zone,1,constructed,1,20763,1
00000000-0000-0000-0000-000000000008-80,00000000-0000-0000-0000-000000000008,s-8-9,2026-09-13T10:49:41.815178+00:00,tliq-003,TimeLiquidity,recognition,level,1,constructed,1,12565,1
00000000-0000-0000-0000-000000000008-81,00000000-0000-0000-0000-000000000008,s-8-9,2026-09-13T10:50:03.540990+00:00,real-mss-005,MSS,recognition,level,2,real,0,16725,1
00000000-0000-0000-0000-000000000008-82,00000000-0000-0000-0000-000000000008,s-8-9,2026-09-13T10:50:33.263412+00:00,ifvg-resp-001,IFVG,recognition,choice,2,constructed,1,24722,1
00000000-0000-0000-0000-000000000008-83,00000000-0000-0000-0000-000000000008,s-8-9,2026-09-13T10:50:47.069070+00:00,liq-005,Liquidity,recognition,level,3,constructed,0,8805,1
00000000-0000-0000-0000-000000000008-84,00000000-0000-0000-0000-000000000008,s-8-9,2026-09-13T10:51:08.214001+00:00,real-liq-008,Liquidity,recognition,level,2,real,0,16144,1
00000000-0000-0000-0000-000000000008-85,00000000-0000-0000-0000-000000000008,s-8-9,2026-09-13T10:51:26.730847+00:00,ifvg-resp-003,IFVG,recognition,choice,2,constructed,1,13516,1
00000000-0000-0000-0000-000000000008-86,00000000-0000-0000-0000-000000000008,s-8-9,2026-09-13T10:51:42.665360+00:00,mss-002,MSS,recognition,level,1,constructed,1,10934,1
00000000-0000-0000-0000-000000000008-87,00000000-0000-0000-0000-000000000008,s-8-9,2026-09-13T10:52:12.537357+00:00,ifvg-resp-002,IFVG,recognition,choice,2,constructed,1,24871,1
00000000-0000-0000-0000-000000000008-88,00000000-0000-0000-0000-000000000008,s-8-9,2026-09-13T10:52:29.614895+00:00,mss-003,MSS,recognition,level,3,constructed,1,12077,1
00000000-0000-0000-0000-000000000008-89,00000000-0000-0000-0000-000000000008,s-8-9,2026-09-13T10:53:04.616278+00:00,ob-001,OrderBlock,recognition,zone,1,constructed,0,30001,1
00000000-0000-0000-0000-000000000008-90,00000000-0000-0000-0000-000000000008,s-8-10,2026-09-14T13:03:52.002443+00:00,tliq-005,TimeLiquidity,recognition,level,3,constructed,1,13535,1
00000000-0000-0000-0000-000000000008-91,00000000-0000-0000-0000-000000000008,s-8-10,2026-09-14T13:04:09.739986+00:00,tliq-002,TimeLiquidity,recognition,level,2,constructed,1,12737,1
00000000-0000-0000-0000-000000000008-92,00000000-0000-0000-0000-000000000008,s-8-10,2026-09-14T13:04:33.059051+00:00,liq-002,Liquidity,recognition,level,1,constructed,0,18319,1
00000000-0000-0000-0000-000000000008-93,00000000-0000-0000-0000-000000000008,s-8-10,2026-09-14T13:05:08.470803+00:00,ifvg-005,IFVG,recognition,zone,3,constructed,0,30411,1
00000000-0000-0000-0000-000000000008-94,00000000-0000-0000-0000-000000000008,s-8-10,2026-09-14T13:05:21.281889+00:00,real-fvg-001,FVG,recognition,zone,1,real,1,7811,1
00000000-0000-0000-0000-000000000008-95,00000000-0000-0000-0000-000000000008,s-8-10,2026-09-14T13:05:32.278279+00:00,pd-004,PremiumDiscount,recognition,choice,2,constructed,1,5996,1
00000000-0000-0000-0000-000000000008-96,00000000-0000-0000-0000-000000000008,s-8-10,2026-09-14T13:05:48.350474+00:00,real-mss-001,MSS,recognition,level,1,real,1,11072,1
00000000-0000-0000-0000-000000000008-97,00000000-0000-0000-0000-000000000008,s-8-10,2026-09-14T13:06:07.023388+00:00,fvg-004,FVG,recognition,zone,2,constructed,1,13672,1
00000000-0000-0000-0000-000000000008-98,00000000-0000-0000-0000-000000000008,s-8-10,2026-09-14T13:06:26.490631+00:00,mss-001,MSS,recognition,level,1,constructed,1,14467,1
00000000-0000-0000-0000-000000000008-99,00000000-0000-0000-0000-000000000008,s-8-10,2026-09-14T13:06:49.788949+00:00,fvg-resp-004,FVG,recognition,choice,2,constructed,1,18298,1
00000000-0000-0000-0000-000000000008-100,00000000-0000-0000-0000-000000000008,s-8-11,2026-09-15T00:24:16.440952+00:00,real-liq-004,Liquidity,recognition,level,1,real,1,18784,1
00000000-0000-0000-0000-000000000008-101,00000000-0000-0000-0000-000000000008,s-8-11,2026-09-15T00:24:51.819453+00:00,real-fvg-005,FVG,recognition,zone,2,real,1,30378,1
00000000-0000-0000-0000-000000000008-102,00000000-0000-0000-0000-000000000008,s-8-11,2026-09-15T00:25:21.794710+00:00,ifvg-resp-001,IFVG,recognition,choice,2,constructed,0,24975,1
00000000-0000-0000-0000-000000000008-103,00000000-0000-0000-0000-000000000008,s-8-11,2026-09-15T00:25:34.864103+00:00,real-liq-002,Liquidity,recognition,level,2,real,1,8069,1
00000000-0000-0000-0000-000000000008-104,00000000-0000-0000-0000-000000000008,s-8-11,2026-09-15T00:25:49.446023+00:00,liq-001,Liquidity,recognition,level,1,constructed,1,9581,1
00000000-0000-0000-0000-000000000008-105,00000000-0000-0000-0000-000000000008,s-8-11,2026-09-15T00:26:03.890960+00:00,ob-005,OrderBlock,recognition,zone,3,constructed,1,9444,1
00000000-0000-0000-0000-000000000008-106,00000000-0000-0000-0000-000000000008,s-8-11,2026-09-15T00:26:15.942377+00:00,ifvg-003,IFVG,recognition,zone,3,constructed,1,7051,1
00000000-0000-0000-0000-000000000008-107,00000000-0000-0000-0000-000000000008,s-8-11,2026-09-15T00:26:37.078733+00:00,real-mss-006,MSS,recognition,level,3,real,0,16136,1
00000000-0000-0000-0000-000000000008-108,00000000-0000-0000-0000-000000000008,s-8-11,2026-09-15T00:27:00.856162+00:00,real-fvg-010,FVG,recognition,zone,1,real,0,18777,1
00000000-0000-0000-0000-000000000008-109,00000000-0000-0000-0000-000000000008,s-8-11,2026-09-15T00:27:13.450966+00:00,mss-005,MSS,recognition,level,2,constructed,1,7594,1
00000000-0000-0000-0000-000000000008-110,00000000-0000-0000-0000-000000000008,s-8-12,2026-09-15T13:32:25.334900+00:00,ifvg-resp-004,IFVG,recognition,choice,2,constructed,1,13763,1
00000000-0000-0000-0000-000000000008-111,00000000-0000-0000-0000-000000000008,s-8-12,2026-09-15T13:32:49.325787+00:00,real-liq-006,Liquidity,recognition,level,3,real,0,18990,1
00000000-0000-0000-0000-000000000008-112,00000000-0000-0000-0000-000000000008,s-8-12,2026-09-15T13:33:06.477391+00:00,ifvg-004,IFVG,recognition,zone,2,constructed,1,12151,1
00000000-0000-0000-0000-000000000008-113,00000000-0000-0000-0000-000000000008,s-8-12,2026-09-15T13:33:22.949863+00:00,tliq-001,TimeLiquidity,recognition,level,1,constructed,1,11472,1
00000000-0000-0000-0000-000000000008-114,00000000-0000-0000-0000-000000000008,s-8-12,2026-09-15T13:33:48.128912+00:00,ifvg-resp-001,IFVG,recognition,choice,2,constructed,1,20179,1
00000000-0000-0000-0000-000000000008-115,00000000-0000-0000-0000-000000000008,s-8-12,2026-09-15T13:34:10.893957+00:00,real-mss-004,MSS,recognition,level,1,real,0,17765,1
00000000-0000-0000-0000-000000000008-116,00000000-0000-0000-0000-000000000008,s-8-12,2026-09-15T13:34:23.958330+00:00,real-fvg-010,FVG,recognition,zone,1,real,1,8064,1
00000000-0000-0000-0000-000000000008-117,00000000-0000-0000-0000-000000000008,s-8-12,2026-09-15T13:34:41.779841+00:00,pd-001,PremiumDiscount,recognition,choice,1,constructed,1,12821,1
00000000-0000-0000-0000-000000000008-118,00000000-0000-0000-0000-000000000008,s-8-12,2026-09-15T13:34:53.081348+00:00,ifvg-005,IFVG,recognition,zone,3,constructed,1,6301,1
00000000-0000-0000-0000-000000000008-119,00000000-0000-0000-0000-000000000008,s-8-12,2026-09-15T13:35:07.092044+00:00,fvg-resp-005,FVG,recognition,choice,3,constructed,1,9010,1
00000000-0000-0000-0000-000000000008-120,00000000-0000-0000-0000-000000000008,s-8-13,2026-09-16T22:40:19.188065+00:00,real-liq-005,Liquidity,recognition,level,2,real,0,25401,1
00000000-0000-0000-0000-000000000009-0,00000000-0000-0000-0000-000000000009,s-9-1,2026-09-02T01:31:41.759853+00:00,pd-004,PremiumDiscount,recognition,choice,2,constructed,1,23168,1
00000000-0000-0000-0000-000000000009-1,00000000-0000-0000-0000-000000000009,s-9-1,2026-09-02T01:31:59.175408+00:00,ifvg-resp-003,IFVG,recognition,choice,2,constructed,1,12415,1
00000000-0000-0000-0000-000000000009-2,00000000-0000-0000-0000-000000000009,s-9-1,2026-09-02T01:32:11.096984+00:00,ifvg-resp-002,IFVG,recognition,choice,2,constructed,0,6921,1
00000000-0000-0000-0000-000000000009-3,00000000-0000-0000-0000-000000000009,s-9-1,2026-09-02T01:32:40.665264+00:00,real-fvg-005,FVG,recognition,zone,2,real,0,24568,1
00000000-0000-0000-0000-000000000009-4,00000000-0000-0000-0000-000000000009,s-9-1,2026-09-02T01:33:16.498013+00:00,tliq-005,TimeLiquidity,recognition,level,3,constructed,1,30832,1
00000000-0000-0000-0000-000000000009-5,00000000-0000-0000-0000-000000000009,s-9-1,2026-09-02T01:33:35.193960+00:00,ifvg-003,IFVG,recognition,zone,3,constructed,1,13695,1
00000000-0000-0000-0000-000000000009-6,00000000-0000-0000-0000-000000000009,s-9-1,2026-09-02T01:33:44.358828+00:00,ifvg-resp-004,IFVG,recognition,choice,2,constructed,1,4164,1
00000000-0000-0000-0000-000000000009-7,00000000-0000-0000-0000-000000000009,s-9-1,2026-09-02T01:34:23.018995+00:00,ob-004,OrderBlock,recognition,zone,2,constructed,1,33660,1
00000000-0000-0000-0000-000000000009-8,00000000-0000-0000-0000-000000000009,s-9-1,2026-09-02T01:35:01.675373+00:00,real-mss-008,MSS,recognition,level,1,real,0,33656,1
00000000-0000-0000-0000-000000000009-9,00000000-0000-0000-0000-000000000009,s-9-1,2026-09-02T01:35:34.075988+00:00,real-fvg-003,FVG,recognition,zone,3,real,1,27400,1
00000000-0000-0000-0000-000000000009-10,00000000-0000-0000-0000-000000000009,s-9-2,2026-09-03T09:27:37.497341+00:00,real-fvg-002,FVG,recognition,zone,2,real,1,8424,1
00000000-0000-0000-0000-000000000009-11,00000000-0000-0000-0000-000000000009,s-9-2,2026-09-03T09:28:06.705732+00:00,ifvg-002,IFVG,recognition,zone,1,constructed,0,24208,1
00000000-0000-0000-0000-000000000009-12,00000000-0000-0000-0000-000000000009,s-9-2,2026-09-03T09:28:27.759089+00:00,tliq-004,TimeLiquidity,recognition,level,2,constructed,1,16053,1
00000000-0000-0000-0000-000000000009-13,00000000-0000-0000-0000-000000000009,s-9-2,2026-09-03T09:28:56.959576+00:00,liq-005,Liquidity,recognition,level,3,constructed,0,24200,1
00000000-0000-0000-0000-000000000009-14,00000000-0000-0000-0000-000000000009,s-9-2,2026-09-03T09:29:39.419439+00:00,real-mss-006,MSS,recognition,level,3,real,1,37459,1
00000000-0000-0000-0000-000000000009-15,00000000-0000-0000-0000-000000000009,s-9-2,2026-09-03T09:30:10.169103+00:00,liq-005,Liquidity,recognition,level,3,constructed,0,25749,1
00000000-0000-0000-0000-000000000009-16,00000000-0000-0000-0000-000000000009,s-9-2,2026-09-03T09:30:58.746566+00:00,ifvg-resp-004,IFVG,recognition,choice,2,constructed,1,43577,1
00000000-0000-0000-0000-000000000009-17,00000000-0000-0000-0000-000000000009,s-9-2,2026-09-03T09:31:16.266088+00:00,fvg-resp-004,FVG,recognition,choice,2,constructed,1,12519,1
00000000-0000-0000-0000-000000000009-18,00000000-0000-0000-0000-000000000009,s-9-2,2026-09-03T09:31:40.180925+00:00,tliq-002,TimeLiquidity,recognition,level,2,constructed,0,18914,1
00000000-0000-0000-0000-000000000009-19,00000000-0000-0000-0000-000000000009,s-9-2,2026-09-03T09:32:06.521415+00:00,real-fvg-002,FVG,recognition,zone,2,real,1,21340,1
00000000-0000-0000-0000-000000000009-20,00000000-0000-0000-0000-000000000009,s-9-3,2026-09-03T22:53:00.207323+00:00,pd-001,PremiumDiscount,recognition,choice,1,constructed,1,3931,1
00000000-0000-0000-0000-000000000009-21,00000000-0000-0000-0000-000000000009,s-9-3,2026-09-03T22:53:18.875952+00:00,real-mss-008,MSS,recognition,level,1,real,0,13668,1
00000000-0000-0000-0000-000000000009-22,00000000-0000-0000-0000-000000000009,s-9-3,2026-09-03T22:53:39.827446+00:00,real-mss-007,MSS,recognition,level,1,real,0,15951,1
00000000-0000-0000-0000-000000000009-23,00000000-0000-0000-0000-000000000009,s-9-3,2026-09-03T22:53:58.445971+00:00,tliq-003,TimeLiquidity,recognition,level,1,constructed,1,13618,1
00000000-0000-0000-0000-000000000009-24,00000000-0000-0000-0000-000000000009,s-9-3,2026-09-03T22:54:14.495062+00:00,fvg-005,FVG,recognition,zone,3,constructed,1,11049,1
00000000-0000-0000-0000-000000000009-25,00000000-0000-0000-0000-000000000009,s-9-3,2026-09-03T22:54:27.364607+00:00,ifvg-001,IFVG,recognition,zone,1,constructed,0,7869,1
00000000-0000-0000-0000-000000000009-26,00000000-0000-0000-0000-000000000009,s-9-3,2026-09-03T22:54:41.591243+00:00,tliq-003,TimeLiquidity,recognition,level,1,constructed,1,9226,1
00000000-0000-0000-0000-000000000009-27,00000000-0000-0000-0000-000000000009,s-9-3,2026-09-03T22:54:56.449137+00:00,fvg-resp-001,FVG,recognition,choice,1,constructed,1,9857,1
00000000-0000-0000-0000-000000000009-28,00000000-0000-0000-0000-000000000009,s-9-3,2026-09-03T22:55:14.316239+00:00,mss-001,MSS,recognition,level,1,constructed,1,12867,1
00000000-0000-0000-0000-000000000009-29,00000000-0000-0000-0000-000000000009,s-9-3,2026-09-03T22:55:32.405277+00:00,real-fvg-009,FVG,recognition,zone,3,real,1,13089,1
00000000-0000-0000-0000-000000000009-30,00000000-0000-0000-0000-000000000009,s-9-4,2026-09-05T06:52:55.095750+00:00,ifvg-005,IFVG,recognition,zone,3,constructed,1,9596,1
00000000-0000-0000-0000-000000000009-31,00000000-0000-0000-0000-000000000009,s-9-4,2026-09-05T06:53:22.544742+00:00,tliq-003,TimeLiquidity,recognition,level,1,constructed,1,22448,1
00000000-0000-0000-0000-000000000009-32,00000000-0000-0000-0000-000000000009,s-9-4,2026-09-05T06:53:36.964544+00:00,ob-004,OrderBlock,recognition,zone,2,constructed,0,9419,1
00000000-0000-0000-0000-000000000009-33,00000000-0000-0000-0000-000000000009,s-9-4,2026-09-05T06:53:56.533843+00:00,real-mss-004,MSS,recognition,level,1,real,0,14569,1
00000000-0000-0000-0000-000000000009-34,00000000-0000-0000-0000-000000000009,s-9-4,2026-09-05T06:54:18.663025+00:00,real-mss-004,MSS,recognition,level,1,real,1,17129,1
00000000-0000-0000-0000-000000000009-35,00000000-0000-0000-0000-000000000009,s-9-4,2026-09-05T06:54:37.337199+00:00,tliq-003,TimeLiquidity,recognition,level,1,constructed,1,13674,1
00000000-0000-0000-0000-000000000009-36,00000000-0000-0000-0000-000000000009,s-9-4,2026-09-05T06:55:03.375912+00:00,fvg-003,FVG,recognition,zone,2,constructed,1,21038,1
00000000-0000-0000-0000-000000000009-37,00000000-0000-0000-0000-000000000009,s-9-4,2026-09-05T06:55:16.574773+00:00,ob-002,OrderBlock,recognition,zone,1,constructed,1,8198,1
00000000-0000-0000-0000-000000000009-38,00000000-0000-0000-0000-000000000009,s-9-4,2026-09-05T06:55:35.806473+00:00,fvg-resp-005,FVG,recognition,choice,3,constructed,1,14231,1
00000000-0000-0000-0000-000000000009-39,00000000-0000-0000-0000-000000000009,s-9-4,2026-09-05T06:56:02.747911+00:00,real-liq-004,Liquidity,recognition,level,1,real,0,21941,1
00000000-0000-0000-0000-000000000009-40,00000000-0000-0000-0000-000000000009,s-9-5,2026-09-06T05:30:00.026875+00:00,ob-002,OrderBlock,recognition,zone,1,constructed,1,18543,1
00000000-0000-0000-0000-000000000009-41,00000000-0000-0000-0000-000000000009,s-9-5,2026-09-06T05:30:18.084882+00:00,ifvg-resp-003,IFVG,recognition,choice,2,constructed,1,13058,1
00000000-0000-0000-0000-000000000009-42,00000000-0000-0000-0000-000000000009,s-9-5,2026-09-06T05:30:36.715548+00:00,fvg-001,FVG,recognition,zone,1,constructed,1,13630,1
00000000-0000-0000-0000-000000000009-43,00000000-0000-0000-0000-000000000009,s-9-5,2026-09-06T05:30:58.237655+00:00,mss-003,MSS,recognition,level,3,constructed,1,16522,1
00000000-0000-0000-0000-000000000009-44,00000000-0000-0000-0000-000000000009,s-9-5,2026-09-06T05:31:22.822750+00:00,fvg-resp-004,FVG,recognition,choice,2,constructed,1,19585,1
00000000-0000-0000-0000-000000000009-45,00000000-0000-0000-0000-000000000009,s-9-5,2026-09-06T05:31:38.526387+00:00,real-mss-008,MSS,recognition,level,1,real,1,10703,1
00000000-0000-0000-0000-000000000009-46,00000000-0000-0000-0000-000000000009,s-9-5,2026-09-06T05:31:57.437110+00:00,liq-003,Liquidity,recognition,level,2,constructed,0,13910,1
00000000-0000-0000-0000-000000000009-47,00000000-0000-0000-0000-000000000009,s-9-5,2026-09-06T05:32:09.549061+00:00,mss-004,MSS,recognition,level,2,constructed,1,7111,1
00000000-0000-0000-0000-000000000009-48,00000000-0000-0000-0000-000000000009,s-9-5,2026-09-06T05:32:35.724777+00:00,liq-004,Liquidity,recognition,level,2,constructed,0,21175,1
00000000-0000-0000-0000-000000000009-49,00000000-0000-0000-0000-000000000009,s-9-5,2026-09-06T05:32:55.347936+00:00,ifvg-resp-005,IFVG,recognition,choice,3,constructed,1,14623,1
00000000-0000-0000-0000-000000000009-50,00000000-0000-0000-0000-000000000009,s-9-6,2026-09-07T15:29:37.351607+00:00,tliq-004,TimeLiquidity,recognition,level,2,constructed,1,10761,1
00000000-0000-0000-0000-000000000009-51,00000000-0000-0000-0000-000000000009,s-9-6,2026-09-07T15:29:54.505599+00:00,fvg-004,FVG,recognition,zone,2,constructed,1,12153,1
00000000-0000-0000-0000-000000000009-52,00000000-0000-0000-0000-000000000009,s-9-6,2026-09-07T15:30:12.652086+00:00,ob-002,OrderBlock,recognition,zone,1,constructed,1,13146,1
00000000-0000-0000-0000-000000000009-53,00000000-0000-0000-0000-000000000009,s-9-6,2026-09-07T15:30:31.953617+00:00,ob-004,OrderBlock,recognition,zone,2,constructed,1,14301,1
00000000-0000-0000-0000-000000000009-54,00000000-0000-0000-0000-000000000009,s-9-6,2026-09-07T15:30:50.191707+00:00,real-liq-009,Liquidity,recognition,level,3,real,0,13238,1
00000000-0000-0000-0000-000000000009-55,00000000-0000-0000-0000-000000000009,s-9-6,2026-09-07T15:31:19.560536+00:00,real-liq-002,Liquidity,recognition,level,2,real,0,24368,1
00000000-0000-0000-0000-000000000009-56,00000000-0000-0000-0000-000000000009,s-9-6,2026-09-07T15:31:34.115913+00:00,ob-002,OrderBlock,recognition,zone,1,constructed,1,9555,1
00000000-0000-0000-0000-000000000009-57,00000000-0000-0000-0000-000000000009,s-9-6,2026-09-07T15:31:48.300647+00:00,real-fvg-007,FVG,recognition,zone,1,real,1,9184,1
00000000-0000-0000-0000-000000000009-58,00000000-0000-0000-0000-000000000009,s-9-6,2026-09-07T15:31:59.764863+00:00,mss-002,MSS,recognition,level,1,constructed,1,6464,1
00000000-0000-0000-0000-000000000009-59,00000000-0000-0000-0000-000000000009,s-9-6,2026-09-07T15:32:20.979482+00:00,liq-002,Liquidity,recognition,level,1,constructed,1,16214,1
00000000-0000-0000-0000-000000000009-60,00000000-0000-0000-0000-000000000009,s-9-7,2026-09-08T08:44:43.470319+00:00,real-liq-006,Liquidity,recognition,level,3,real,1,19922,1
00000000-0000-0000-0000-000000000009-61,00000000-0000-0000-0000-000000000009,s-9-7,2026-09-08T08:45:06.197828+00:00,pd-001,PremiumDiscount,recognition,choice,1,constructed,1,17727,1
00000000-0000-0000-0000-000000000009-62,00000000-0000-0000-0000-000000000009,s-9-7,2026-09-08T08:45:17.989171+00:00,real-mss-005,MSS,recognition,level,2,real,0,6791,1
00000000-0000-0000-0000-000000000009-63,00000000-0000-0000-0000-000000000009,s-9-7,2026-09-08T08:45:30.266794+00:00,real-fvg-010,FVG,recognition,zone,1,real,1,7277,1
00000000-0000-0000-0000-000000000009-64,00000000-0000-0000-0000-000000000009,s-9-7,2026-09-08T08:45:50.959626+00:00,real-mss-008,MSS,recognition,level,1,real,0,15692,1
00000000-0000-0000-0000-000000000009-65,00000000-0000-0000-0000-000000000009,s-9-7,2026-09-08T08:46:29.973448+00:00,tliq-004,TimeLiquidity,recognition,level,2,constructed,1,34013,1
00000000-0000-0000-0000-000000000009-66,00000000-0000-0000-0000-000000000009,s-9-7,2026-09-08T08:46:56.562865+00:00,real-fvg-008,FVG,recognition,zone,2,real,1,21589,1
00000000-0000-0000-0000-000000000009-67,00000000-0000-0000-0000-000000000009,s-9-7,2026-09-08T08:47:32.626538+00:00,real-liq-006,Liquidity,recognition,level,3,real,1,31063,1
00000000-0000-0000-0000-000000000009-68,00000000-0000-0000-0000-000000000009,s-9-7,2026-09-08T08:47:47.692837+00:00,real-liq-002,Liquidity,recognition,level,2,real,1,10066,1
00000000-0000-0000-0000-000000000009-69,00000000-0000-0000-0000-000000000009,s-9-7,2026-09-08T08:48:05.366001+00:00,real-liq-009,Liquidity,recognition,level,3,real,1,12673,1
00000000-0000-0000-0000-000000000009-70,00000000-0000-0000-0000-000000000009,s-9-8,2026-09-09T10:29:59.758957+00:00,real-fvg-004,FVG,recognition,zone,3,real,1,14686,1
00000000-0000-0000-0000-000000000009-71,00000000-0000-0000-0000-000000000009,s-9-8,2026-09-09T10:30:18.949255+00:00,real-mss-004,MSS,recognition,level,1,real,0,14190,1
00000000-0000-0000-0000-000000000009-72,00000000-0000-0000-0000-000000000009,s-9-8,2026-09-09T10:30:43.407849+00:00,ifvg-resp-005,IFVG,recognition,choice,3,constructed,0,19458,1
00000000-0000-0000-0000-000000000009-73,00000000-0000-0000-0000-000000000009,s-9-8,2026-09-09T10:30:54.466905+00:00,tliq-002,TimeLiquidity,recognition,level,2,constructed,1,6059,1
00000000-0000-0000-0000-000000000009-74,00000000-0000-0000-0000-000000000009,s-9-8,2026-09-09T10:31:07.894293+00:00,real-mss-002,MSS,recognition,level,2,real,0,8427,1
00000000-0000-0000-0000-000000000009-75,00000000-0000-0000-0000-000000000009,s-9-8,2026-09-09T10:31:23.205283+00:00,ob-002,OrderBlock,recognition,zone,1,constructed,1,10310,1
00000000-0000-0000-0000-000000000009-76,00000000-0000-0000-0000-000000000009,s-9-8,2026-09-09T10:31:36.316532+00:00,real-liq-010,Liquidity,recognition,level,1,real,1,8111,1
00000000-0000-0000-0000-000000000009-77,00000000-0000-0000-0000-000000000009,s-9-8,2026-09-09T10:32:01.676335+00:00,ob-001,OrderBlock,recognition,zone,1,constructed,0,20359,1
00000000-0000-0000-0000-000000000009-78,00000000-0000-0000-0000-000000000009,s-9-8,2026-09-09T10:32:32.515062+00:00,pd-001,PremiumDiscount,recognition,choice,1,constructed,1,25838,1
00000000-0000-0000-0000-000000000009-79,00000000-0000-0000-0000-000000000009,s-9-8,2026-09-09T10:33:06.969995+00:00,fvg-002,FVG,recognition,zone,1,constructed,1,29454,1
00000000-0000-0000-0000-000000000009-80,00000000-0000-0000-0000-000000000009,s-9-9,2026-09-10T04:26:05.128809+00:00,real-fvg-009,FVG,recognition,zone,3,real,0,10653,1
00000000-0000-0000-0000-000000000009-81,00000000-0000-0000-0000-000000000009,s-9-9,2026-09-10T04:26:47.082526+00:00,tliq-003,TimeLiquidity,recognition,level,1,constructed,1,36953,1
00000000-0000-0000-0000-000000000009-82,00000000-0000-0000-0000-000000000009,s-9-9,2026-09-10T04:27:35.228702+00:00,pd-002,PremiumDiscount,recognition,choice,1,constructed,1,43146,1
00000000-0000-0000-0000-000000000009-83,00000000-0000-0000-0000-000000000009,s-9-9,2026-09-10T04:27:58.404722+00:00,real-liq-002,Liquidity,recognition,level,2,real,1,18176,1
00000000-0000-0000-0000-000000000009-84,00000000-0000-0000-0000-000000000009,s-9-9,2026-09-10T04:28:21.120877+00:00,fvg-004,FVG,recognition,zone,2,constructed,1,17716,1
00000000-0000-0000-0000-000000000009-85,00000000-0000-0000-0000-000000000009,s-9-9,2026-09-10T04:28:32.742407+00:00,fvg-resp-002,FVG,recognition,choice,1,constructed,1,6621,1
00000000-0000-0000-0000-000000000009-86,00000000-0000-0000-0000-000000000009,s-9-9,2026-09-10T04:28:53.024913+00:00,mss-004,MSS,recognition,level,2,constructed,1,15282,1
00000000-0000-0000-0000-000000000009-87,00000000-0000-0000-0000-000000000009,s-9-9,2026-09-10T04:29:25.301751+00:00,real-liq-006,Liquidity,recognition,level,3,real,1,27276,1
00000000-0000-0000-0000-000000000009-88,00000000-0000-0000-0000-000000000009,s-9-9,2026-09-10T04:29:51.429070+00:00,liq-005,Liquidity,recognition,level,3,constructed,1,21127,1
00000000-0000-0000-0000-000000000009-89,00000000-0000-0000-0000-000000000009,s-9-9,2026-09-10T04:30:15.466594+00:00,real-fvg-009,FVG,recognition,zone,3,real,1,19037,1
00000000-0000-0000-0000-000000000009-90,00000000-0000-0000-0000-000000000009,s-9-10,2026-09-10T23:57:42.608850+00:00,ifvg-003,IFVG,recognition,zone,3,constructed,1,14899,1
00000000-0000-0000-0000-000000000009-91,00000000-0000-0000-0000-000000000009,s-9-10,2026-09-10T23:58:05.634973+00:00,real-fvg-007,FVG,recognition,zone,1,real,1,18026,1
00000000-0000-0000-0000-000000000009-92,00000000-0000-0000-0000-000000000009,s-9-10,2026-09-10T23:58:20.061621+00:00,ifvg-resp-003,IFVG,recognition,choice,2,constructed,1,9426,1
00000000-0000-0000-0000-000000000009-93,00000000-0000-0000-0000-000000000009,s-9-10,2026-09-10T23:58:36.101399+00:00,pd-003,PremiumDiscount,recognition,choice,2,constructed,1,11039,1
00000000-0000-0000-0000-000000000009-94,00000000-0000-0000-0000-000000000009,s-9-10,2026-09-10T23:59:02.194953+00:00,mss-002,MSS,recognition,level,1,constructed,1,21093,1
00000000-0000-0000-0000-000000000009-95,00000000-0000-0000-0000-000000000009,s-9-10,2026-09-10T23:59:15.832902+00:00,ifvg-004,IFVG,recognition,zone,2,constructed,1,8637,1
00000000-0000-0000-0000-000000000009-96,00000000-0000-0000-0000-000000000009,s-9-10,2026-09-10T23:59:38.758369+00:00,real-fvg-006,FVG,recognition,zone,3,real,1,17925,1
00000000-0000-0000-0000-000000000009-97,00000000-0000-0000-0000-000000000009,s-9-10,2026-09-11T00:00:16.177894+00:00,real-fvg-001,FVG,recognition,zone,1,real,0,32419,1
00000000-0000-0000-0000-000000000009-98,00000000-0000-0000-0000-000000000009,s-9-10,2026-09-11T00:00:27.752798+00:00,liq-005,Liquidity,recognition,level,3,constructed,1,6574,1
00000000-0000-0000-0000-000000000009-99,00000000-0000-0000-0000-000000000009,s-9-10,2026-09-11T00:00:45.119871+00:00,real-liq-003,Liquidity,recognition,level,3,real,1,12367,1
00000000-0000-0000-0000-000000000009-100,00000000-0000-0000-0000-000000000009,s-9-11,2026-09-12T12:19:51.210697+00:00,tliq-002,TimeLiquidity,recognition,level,2,constructed,1,20961,1
00000000-0000-0000-0000-000000000009-101,00000000-0000-0000-0000-000000000009,s-9-11,2026-09-12T12:20:37.343087+00:00,pd-004,PremiumDiscount,recognition,choice,2,constructed,1,41132,1
00000000-0000-0000-0000-000000000009-102,00000000-0000-0000-0000-000000000009,s-9-11,2026-09-12T12:21:09.031879+00:00,mss-003,MSS,recognition,level,3,constructed,1,26688,1
00000000-0000-0000-0000-000000000009-103,00000000-0000-0000-0000-000000000009,s-9-11,2026-09-12T12:21:27.218541+00:00,ifvg-resp-005,IFVG,recognition,choice,3,constructed,1,13186,1
00000000-0000-0000-0000-000000000009-104,00000000-0000-0000-0000-000000000009,s-9-11,2026-09-12T12:21:46.217636+00:00,ifvg-resp-003,IFVG,recognition,choice,2,constructed,1,13999,1
00000000-0000-0000-0000-000000000009-105,00000000-0000-0000-0000-000000000009,s-9-11,2026-09-12T12:22:02.348331+00:00,fvg-004,FVG,recognition,zone,2,constructed,1,11130,1
00000000-0000-0000-0000-000000000009-106,00000000-0000-0000-0000-000000000009,s-9-11,2026-09-12T12:22:30.451283+00:00,real-mss-008,MSS,recognition,level,1,real,0,23102,1
00000000-0000-0000-0000-000000000009-107,00000000-0000-0000-0000-000000000009,s-9-11,2026-09-12T12:22:54.641011+00:00,ob-003,OrderBlock,recognition,zone,2,constructed,1,19189,1
00000000-0000-0000-0000-000000000009-108,00000000-0000-0000-0000-000000000009,s-9-11,2026-09-12T12:23:10.391799+00:00,fvg-resp-001,FVG,recognition,choice,1,constructed,1,10750,1
00000000-0000-0000-0000-000000000009-109,00000000-0000-0000-0000-000000000009,s-9-11,2026-09-12T12:23:25.982543+00:00,fvg-resp-005,FVG,recognition,choice,3,constructed,1,10590,1
00000000-0000-0000-0000-000000000009-110,00000000-0000-0000-0000-000000000009,s-9-12,2026-09-13T02:22:37.900835+00:00,ifvg-005,IFVG,recognition,zone,3,constructed,1,18869,1
00000000-0000-0000-0000-000000000009-111,00000000-0000-0000-0000-000000000009,s-9-12,2026-09-13T02:22:56.163217+00:00,real-fvg-004,FVG,recognition,zone,3,real,1,13262,1
00000000-0000-0000-0000-000000000009-112,00000000-0000-0000-0000-000000000009,s-9-12,2026-09-13T02:23:13.398534+00:00,pd-003,PremiumDiscount,recognition,choice,2,constructed,1,12235,1
00000000-0000-0000-0000-000000000009-113,00000000-0000-0000-0000-000000000009,s-9-12,2026-09-13T02:23:34.356992+00:00,mss-005,MSS,recognition,level,2,constructed,1,15958,1
00000000-0000-0000-0000-000000000009-114,00000000-0000-0000-0000-000000000009,s-9-12,2026-09-13T02:23:53.916717+00:00,real-liq-007,Liquidity,recognition,level,1,real,1,14559,1
00000000-0000-0000-0000-000000000009-115,00000000-0000-0000-0000-000000000009,s-9-12,2026-09-13T02:24:11.608097+00:00,ifvg-resp-002,IFVG,recognition,choice,2,constructed,1,12691,1
00000000-0000-0000-0000-000000000009-116,00000000-0000-0000-0000-000000000009,s-9-12,2026-09-13T02:24:26.115220+00:00,tliq-004,TimeLiquidity,recognition,level,2,constructed,1,9507,1
00000000-0000-0000-0000-000000000009-117,00000000-0000-0000-0000-000000000009,s-9-12,2026-09-13T02:24:49.963253+00:00,real-liq-010,Liquidity,recognition,level,1,real,1,18848,1
00000000-0000-0000-0000-000000000009-118,00000000-0000-0000-0000-000000000009,s-9-12,2026-09-13T02:25:06.882259+00:00,real-mss-002,MSS,recognition,level,2,real,1,11919,1
00000000-0000-0000-0000-000000000009-119,00000000-0000-0000-0000-000000000009,s-9-12,2026-09-13T02:25:33.954500+00:00,ob-005,OrderBlock,recognition,zone,3,constructed,1,22072,1
00000000-0000-0000-0000-000000000009-120,00000000-0000-0000-0000-000000000009,s-9-13,2026-09-13T14:45:41.225375+00:00,real-mss-007,MSS,recognition,level,1,real,1,5569,1
00000000-0000-0000-0000-000000000009-121,00000000-0000-0000-0000-000000000009,s-9-13,2026-09-13T14:45:55.851073+00:00,real-liq-004,Liquidity,recognition,level,1,real,1,9625,1
00000000-0000-0000-0000-000000000009-122,00000000-0000-0000-0000-000000000009,s-9-13,2026-09-13T14:46:21.777746+00:00,ob-005,OrderBlock,recognition,zone,3,constructed,1,20926,1
00000000-0000-0000-0000-000000000009-123,00000000-0000-0000-0000-000000000009,s-9-13,2026-09-13T14:46:37.890019+00:00,ifvg-resp-005,IFVG,recognition,choice,3,constructed,1,11112,1
00000000-0000-0000-0000-000000000009-124,00000000-0000-0000-0000-000000000009,s-9-13,2026-09-13T14:47:01.005556+00:00,fvg-001,FVG,recognition,zone,1,constructed,1,18115,1
00000000-0000-0000-0000-000000000009-125,00000000-0000-0000-0000-000000000009,s-9-13,2026-09-13T14:47:16.182954+00:00,real-mss-007,MSS,recognition,level,1,real,0,10177,1
00000000-0000-0000-0000-000000000009-126,00000000-0000-0000-0000-000000000009,s-9-13,2026-09-13T14:47:34.948092+00:00,ob-001,OrderBlock,recognition,zone,1,constructed,0,13765,1
00000000-0000-0000-0000-000000000009-127,00000000-0000-0000-0000-000000000009,s-9-13,2026-09-13T14:48:00.643380+00:00,fvg-002,FVG,recognition,zone,1,constructed,1,20695,1
00000000-0000-0000-0000-000000000009-128,00000000-0000-0000-0000-000000000009,s-9-13,2026-09-13T14:48:23.644269+00:00,real-fvg-001,FVG,recognition,zone,1,real,1,18000,1
00000000-0000-0000-0000-000000000009-129,00000000-0000-0000-0000-000000000009,s-9-13,2026-09-13T14:48:41.237615+00:00,tliq-004,TimeLiquidity,recognition,level,2,constructed,1,12593,1
00000000-0000-0000-0000-000000000009-130,00000000-0000-0000-0000-000000000009,s-9-14,2026-09-15T03:36:21.982219+00:00,real-mss-001,MSS,recognition,level,1,real,0,22472,1
00000000-0000-0000-0000-000000000009-131,00000000-0000-0000-0000-000000000009,s-9-14,2026-09-15T03:36:41.592925+00:00,tliq-001,TimeLiquidity,recognition,level,1,constructed,1,14610,1
00000000-0000-0000-0000-000000000009-132,00000000-0000-0000-0000-000000000009,s-9-14,2026-09-15T03:36:59.591789+00:00,real-liq-001,Liquidity,recognition,level,1,real,0,12998,1
00000000-0000-0000-0000-000000000009-133,00000000-0000-0000-0000-000000000009,s-9-14,2026-09-15T03:37:33.772191+00:00,tliq-002,TimeLiquidity,recognition,level,2,constructed,1,29180,1
00000000-0000-0000-0000-000000000009-134,00000000-0000-0000-0000-000000000009,s-9-14,2026-09-15T03:37:54.880030+00:00,tliq-005,TimeLiquidity,recognition,level,3,constructed,0,16107,1
00000000-0000-0000-0000-000000000009-135,00000000-0000-0000-0000-000000000009,s-9-14,2026-09-15T03:38:07.729738+00:00,real-fvg-006,FVG,recognition,zone,3,real,1,7849,1
00000000-0000-0000-0000-000000000009-136,00000000-0000-0000-0000-000000000009,s-9-14,2026-09-15T03:38:23.441996+00:00,ifvg-002,IFVG,recognition,zone,1,constructed,1,10712,1
00000000-0000-0000-0000-000000000009-137,00000000-0000-0000-0000-000000000009,s-9-14,2026-09-15T03:38:36.318304+00:00,fvg-resp-005,FVG,recognition,choice,3,constructed,1,7876,1
00000000-0000-0000-0000-000000000009-138,00000000-0000-0000-0000-000000000009,s-9-14,2026-09-15T03:38:56.352912+00:00,ifvg-005,IFVG,recognition,zone,3,constructed,0,15034,1
00000000-0000-0000-0000-000000000009-139,00000000-0000-0000-0000-000000000009,s-9-14,2026-09-15T03:39:27.558159+00:00,pd-002,PremiumDiscount,recognition,choice,1,constructed,1,26205,1
00000000-0000-0000-0000-000000000010-0,00000000-0000-0000-0000-000000000010,s-10-1,2026-09-03T16:20:56.912576+00:00,ob-002,OrderBlock,recognition,zone,1,constructed,1,23806,1
00000000-0000-0000-0000-000000000010-1,00000000-0000-0000-0000-000000000010,s-10-1,2026-09-03T16:21:11.652344+00:00,real-mss-003,MSS,recognition,level,3,real,1,9739,1
00000000-0000-0000-0000-000000000010-2,00000000-0000-0000-0000-000000000010,s-10-1,2026-09-03T16:21:30.117116+00:00,real-fvg-008,FVG,recognition,zone,2,real,1,13464,1
00000000-0000-0000-0000-000000000010-3,00000000-0000-0000-0000-000000000010,s-10-1,2026-09-03T16:21:49.781878+00:00,real-fvg-006,FVG,recognition,zone,3,real,0,14664,1
00000000-0000-0000-0000-000000000010-4,00000000-0000-0000-0000-000000000010,s-10-1,2026-09-03T16:22:16.387201+00:00,ob-002,OrderBlock,recognition,zone,1,constructed,1,21605,1
00000000-0000-0000-0000-000000000010-5,00000000-0000-0000-0000-000000000010,s-10-1,2026-09-03T16:22:50.127527+00:00,ifvg-resp-003,IFVG,recognition,choice,2,constructed,0,28740,1
00000000-0000-0000-0000-000000000010-6,00000000-0000-0000-0000-000000000010,s-10-1,2026-09-03T16:23:03.766585+00:00,ifvg-001,IFVG,recognition,zone,1,constructed,0,8639,1
00000000-0000-0000-0000-000000000010-7,00000000-0000-0000-0000-000000000010,s-10-1,2026-09-03T16:23:26.355446+00:00,pd-001,PremiumDiscount,recognition,choice,1,constructed,0,17588,1
00000000-0000-0000-0000-000000000010-8,00000000-0000-0000-0000-000000000010,s-10-1,2026-09-03T16:24:03.667094+00:00,fvg-001,FVG,recognition,zone,1,constructed,1,32311,1
00000000-0000-0000-0000-000000000010-9,00000000-0000-0000-0000-000000000010,s-10-1,2026-09-03T16:24:37.990979+00:00,liq-004,Liquidity,recognition,level,2,constructed,0,29323,1
00000000-0000-0000-0000-000000000010-10,00000000-0000-0000-0000-000000000010,s-10-2,2026-09-04T16:27:48.661238+00:00,liq-003,Liquidity,recognition,level,2,constructed,1,6471,1
00000000-0000-0000-0000-000000000010-11,00000000-0000-0000-0000-000000000010,s-10-2,2026-09-04T16:28:14.207899+00:00,real-fvg-009,FVG,recognition,zone,3,real,1,20546,1
00000000-0000-0000-0000-000000000010-12,00000000-0000-0000-0000-000000000010,s-10-2,2026-09-04T16:28:47.001994+00:00,fvg-001,FVG,recognition,zone,1,constructed,1,27794,1
00000000-0000-0000-0000-000000000010-13,00000000-0000-0000-0000-000000000010,s-10-2,2026-09-04T16:28:58.696330+00:00,real-liq-009,Liquidity,recognition,level,3,real,1,6694,1
00000000-0000-0000-0000-000000000010-14,00000000-0000-0000-0000-000000000010,s-10-2,2026-09-04T16:29:19.847738+00:00,fvg-resp-005,FVG,recognition,choice,3,constructed,1,16151,1
00000000-0000-0000-0000-000000000010-15,00000000-0000-0000-0000-000000000010,s-10-2,2026-09-04T16:29:34.481252+00:00,real-liq-009,Liquidity,recognition,level,3,real,1,9633,1
00000000-0000-0000-0000-000000000010-16,00000000-0000-0000-0000-000000000010,s-10-2,2026-09-04T16:29:50.870366+00:00,mss-001,MSS,recognition,level,1,constructed,1,11389,1
00000000-0000-0000-0000-000000000010-17,00000000-0000-0000-0000-000000000010,s-10-2,2026-09-04T16:30:08.823843+00:00,mss-004,MSS,recognition,level,2,constructed,1,12953,1
00000000-0000-0000-0000-000000000010-18,00000000-0000-0000-0000-000000000010,s-10-2,2026-09-04T16:30:22.020519+00:00,fvg-001,FVG,recognition,zone,1,constructed,1,8196,1
00000000-0000-0000-0000-000000000010-19,00000000-0000-0000-0000-000000000010,s-10-2,2026-09-04T16:31:10.019697+00:00,pd-005,PremiumDiscount,recognition,choice,3,constructed,1,42999,1
00000000-0000-0000-0000-000000000010-20,00000000-0000-0000-0000-000000000010,s-10-3,2026-09-06T05:46:29.272312+00:00,tliq-003,TimeLiquidity,recognition,level,1,constructed,1,10971,1
00000000-0000-0000-0000-000000000010-21,00000000-0000-0000-0000-000000000010,s-10-3,2026-09-06T05:47:03.273181+00:00,pd-004,PremiumDiscount,recognition,choice,2,constructed,1,29000,1
00000000-0000-0000-0000-000000000010-22,00000000-0000-0000-0000-000000000010,s-10-3,2026-09-06T05:47:25.224496+00:00,real-liq-006,Liquidity,recognition,level,3,real,0,16951,1
00000000-0000-0000-0000-000000000010-23,00000000-0000-0000-0000-000000000010,s-10-3,2026-09-06T05:47:36.885854+00:00,fvg-resp-005,FVG,recognition,choice,3,constructed,1,6661,1
00000000-0000-0000-0000-000000000010-24,00000000-0000-0000-0000-000000000010,s-10-3,2026-09-06T05:47:53.929547+00:00,mss-001,MSS,recognition,level,1,constructed,1,12043,1
00000000-0000-0000-0000-000000000010-25,00000000-0000-0000-0000-000000000010,s-10-3,2026-09-06T05:48:09.190479+00:00,fvg-005,FVG,recognition,zone,3,constructed,1,10260,1
00000000-0000-0000-0000-000000000010-26,00000000-0000-0000-0000-000000000010,s-10-3,2026-09-06T05:48:29.566611+00:00,ifvg-004,IFVG,recognition,zone,2,constructed,0,15376,1
00000000-0000-0000-0000-000000000010-27,00000000-0000-0000-0000-000000000010,s-10-3,2026-09-06T05:48:54.635964+00:00,ob-005,OrderBlock,recognition,zone,3,constructed,0,20069,1
00000000-0000-0000-0000-000000000010-28,00000000-0000-0000-0000-000000000010,s-10-3,2026-09-06T05:49:07.187080+00:00,fvg-resp-001,FVG,recognition,choice,1,constructed,1,7551,1
00000000-0000-0000-0000-000000000010-29,00000000-0000-0000-0000-000000000010,s-10-3,2026-09-06T05:49:22.144890+00:00,fvg-resp-001,FVG,recognition,choice,1,constructed,1,9957,1
00000000-0000-0000-0000-000000000010-30,00000000-0000-0000-0000-000000000010,s-10-4,2026-09-07T02:07:23.028318+00:00,pd-002,PremiumDiscount,recognition,choice,1,constructed,0,6355,1
00000000-0000-0000-0000-000000000010-31,00000000-0000-0000-0000-000000000010,s-10-4,2026-09-07T02:07:32.749711+00:00,liq-005,Liquidity,recognition,level,3,constructed,1,4721,1
00000000-0000-0000-0000-000000000010-32,00000000-0000-0000-0000-000000000010,s-10-4,2026-09-07T02:07:58.430542+00:00,real-fvg-001,FVG,recognition,zone,1,real,1,20680,1
00000000-0000-0000-0000-000000000010-33,00000000-0000-0000-0000-000000000010,s-10-4,2026-09-07T02:08:10.034419+00:00,liq-004,Liquidity,recognition,level,2,constructed,0,6603,1
00000000-0000-0000-0000-000000000010-34,00000000-0000-0000-0000-000000000010,s-10-4,2026-09-07T02:08:40.267378+00:00,real-liq-010,Liquidity,recognition,level,1,real,1,25232,1
00000000-0000-0000-0000-000000000010-35,00000000-0000-0000-0000-000000000010,s-10-4,2026-09-07T02:09:07.581725+00:00,fvg-resp-001,FVG,recognition,choice,1,constructed,0,22314,1
00000000-0000-0000-0000-000000000010-36,00000000-0000-0000-0000-000000000010,s-10-4,2026-09-07T02:09:20.731658+00:00,real-fvg-005,FVG,recognition,zone,2,real,0,8149,1
00000000-0000-0000-0000-000000000010-37,00000000-0000-0000-0000-000000000010,s-10-4,2026-09-07T02:10:01.851886+00:00,ifvg-resp-003,IFVG,recognition,choice,2,constructed,0,36120,1
00000000-0000-0000-0000-000000000010-38,00000000-0000-0000-0000-000000000010,s-10-4,2026-09-07T02:10:22.375240+00:00,liq-005,Liquidity,recognition,level,3,constructed,1,15523,1
00000000-0000-0000-0000-000000000010-39,00000000-0000-0000-0000-000000000010,s-10-4,2026-09-07T02:10:41.846369+00:00,tliq-003,TimeLiquidity,recognition,level,1,constructed,1,14471,1
00000000-0000-0000-0000-000000000010-40,00000000-0000-0000-0000-000000000010,s-10-5,2026-09-08T13:33:25.293523+00:00,real-fvg-010,FVG,recognition,zone,1,real,0,6264,1
00000000-0000-0000-0000-000000000010-41,00000000-0000-0000-0000-000000000010,s-10-5,2026-09-08T13:33:39.354524+00:00,real-mss-001,MSS,recognition,level,1,real,0,9061,1
00000000-0000-0000-0000-000000000010-42,00000000-0000-0000-0000-000000000010,s-10-5,2026-09-08T13:33:52.557788+00:00,real-fvg-008,FVG,recognition,zone,2,real,1,8203,1
00000000-0000-0000-0000-000000000010-43,00000000-0000-0000-0000-000000000010,s-10-5,2026-09-08T13:34:08.518976+00:00,liq-001,Liquidity,recognition,level,1,constructed,1,10961,1
00000000-0000-0000-0000-000000000010-44,00000000-0000-0000-0000-000000000010,s-10-5,2026-09-08T13:34:32.522945+00:00,tliq-004,TimeLiquidity,recognition,level,2,constructed,1,19003,1
00000000-0000-0000-0000-000000000010-45,00000000-0000-0000-0000-000000000010,s-10-5,2026-09-08T13:35:01.432424+00:00,real-fvg-009,FVG,recognition,zone,3,real,1,23909,1
00000000-0000-0000-0000-000000000010-46,00000000-0000-0000-0000-000000000010,s-10-5,2026-09-08T13:35:29.383631+00:00,real-fvg-002,FVG,recognition,zone,2,real,1,22951,1
00000000-0000-0000-0000-000000000010-47,00000000-0000-0000-0000-000000000010,s-10-5,2026-09-08T13:35:41.385585+00:00,ifvg-001,IFVG,recognition,zone,1,constructed,1,7001,1
00000000-0000-0000-0000-000000000010-48,00000000-0000-0000-0000-000000000010,s-10-5,2026-09-08T13:35:58.376519+00:00,real-fvg-010,FVG,recognition,zone,1,real,1,11990,1
00000000-0000-0000-0000-000000000010-49,00000000-0000-0000-0000-000000000010,s-10-5,2026-09-08T13:36:20.525188+00:00,fvg-resp-004,FVG,recognition,choice,2,constructed,1,17148,1
00000000-0000-0000-0000-000000000010-50,00000000-0000-0000-0000-000000000010,s-10-6,2026-09-09T15:49:33.935886+00:00,fvg-001,FVG,recognition,zone,1,constructed,1,8207,1
00000000-0000-0000-0000-000000000010-51,00000000-0000-0000-0000-000000000010,s-10-6,2026-09-09T15:50:07.742944+00:00,tliq-003,TimeLiquidity,recognition,level,1,constructed,1,28807,1
00000000-0000-0000-0000-000000000010-52,00000000-0000-0000-0000-000000000010,s-10-6,2026-09-09T15:50:29.874746+00:00,real-liq-004,Liquidity,recognition,level,1,real,1,17131,1
00000000-0000-0000-0000-000000000010-53,00000000-0000-0000-0000-000000000010,s-10-6,2026-09-09T15:50:47.582912+00:00,real-liq-005,Liquidity,recognition,level,2,real,1,12708,1
00000000-0000-0000-0000-000000000010-54,00000000-0000-0000-0000-000000000010,s-10-6,2026-09-09T15:51:16.502100+00:00,fvg-resp-001,FVG,recognition,choice,1,constructed,1,23919,1
00000000-0000-0000-0000-000000000010-55,00000000-0000-0000-0000-000000000010,s-10-6,2026-09-09T15:51:24.019955+00:00,real-fvg-008,FVG,recognition,zone,2,real,1,2517,1
00000000-0000-0000-0000-000000000010-56,00000000-0000-0000-0000-000000000010,s-10-6,2026-09-09T15:51:46.181205+00:00,liq-005,Liquidity,recognition,level,3,constructed,1,17161,1
00000000-0000-0000-0000-000000000010-57,00000000-0000-0000-0000-000000000010,s-10-6,2026-09-09T15:52:05.187186+00:00,tliq-004,TimeLiquidity,recognition,level,2,constructed,1,14005,1
00000000-0000-0000-0000-000000000010-58,00000000-0000-0000-0000-000000000010,s-10-6,2026-09-09T15:52:21.665884+00:00,real-fvg-010,FVG,recognition,zone,1,real,1,11478,1
00000000-0000-0000-0000-000000000010-59,00000000-0000-0000-0000-000000000010,s-10-6,2026-09-09T15:52:42.258202+00:00,ifvg-005,IFVG,recognition,zone,3,constructed,0,15592,1
00000000-0000-0000-0000-000000000010-60,00000000-0000-0000-0000-000000000010,s-10-7,2026-09-10T22:57:55.384105+00:00,tliq-002,TimeLiquidity,recognition,level,2,constructed,1,20033,1
00000000-0000-0000-0000-000000000010-61,00000000-0000-0000-0000-000000000010,s-10-7,2026-09-10T22:58:21.193743+00:00,liq-004,Liquidity,recognition,level,2,constructed,0,20809,1
00000000-0000-0000-0000-000000000010-62,00000000-0000-0000-0000-000000000010,s-10-7,2026-09-10T22:59:05.013206+00:00,ifvg-003,IFVG,recognition,zone,3,constructed,1,38819,1
00000000-0000-0000-0000-000000000010-63,00000000-0000-0000-0000-000000000010,s-10-7,2026-09-10T22:59:31.108342+00:00,ifvg-001,IFVG,recognition,zone,1,constructed,1,21095,1
00000000-0000-0000-0000-000000000010-64,00000000-0000-0000-0000-000000000010,s-10-7,2026-09-10T22:59:51.301446+00:00,real-fvg-006,FVG,recognition,zone,3,real,1,15193,1
00000000-0000-0000-0000-000000000010-65,00000000-0000-0000-0000-000000000010,s-10-7,2026-09-10T23:00:23.082838+00:00,real-mss-008,MSS,recognition,level,1,real,1,26781,1
00000000-0000-0000-0000-000000000010-66,00000000-0000-0000-0000-000000000010,s-10-7,2026-09-10T23:00:45.921458+00:00,tliq-001,TimeLiquidity,recognition,level,1,constructed,1,17838,1
00000000-0000-0000-0000-000000000010-67,00000000-0000-0000-0000-000000000010,s-10-7,2026-09-10T23:01:14.442352+00:00,real-fvg-004,FVG,recognition,zone,3,real,0,23520,1
00000000-0000-0000-0000-000000000010-68,00000000-0000-0000-0000-000000000010,s-10-7,2026-09-10T23:01:40.281016+00:00,real-mss-002,MSS,recognition,level,2,real,1,20838,1
00000000-0000-0000-0000-000000000010-69,00000000-0000-0000-0000-000000000010,s-10-7,2026-09-10T23:02:01.815899+00:00,liq-005,Liquidity,recognition,level,3,constructed,0,16534,1
00000000-0000-0000-0000-000000000010-70,00000000-0000-0000-0000-000000000010,s-10-8,2026-09-12T08:19:11.255971+00:00,real-liq-006,Liquidity,recognition,level,3,real,1,19631,1
00000000-0000-0000-0000-000000000010-71,00000000-0000-0000-0000-000000000010,s-10-8,2026-09-12T08:19:23.384622+00:00,fvg-003,FVG,recognition,zone,2,constructed,1,7128,1
00000000-0000-0000-0000-000000000010-72,00000000-0000-0000-0000-000000000010,s-10-8,2026-09-12T08:19:38.486851+00:00,tliq-005,TimeLiquidity,recognition,level,3,constructed,1,10102,1
00000000-0000-0000-0000-000000000010-73,00000000-0000-0000-0000-000000000010,s-10-8,2026-09-12T08:20:02.974967+00:00,liq-005,Liquidity,recognition,level,3,constructed,1,19488,1
00000000-0000-0000-0000-000000000010-74,00000000-0000-0000-0000-000000000010,s-10-8,2026-09-12T08:20:22.076178+00:00,tliq-001,TimeLiquidity,recognition,level,1,constructed,1,14101,1
00000000-0000-0000-0000-000000000010-75,00000000-0000-0000-0000-000000000010,s-10-8,2026-09-12T08:21:01.735559+00:00,tliq-005,TimeLiquidity,recognition,level,3,constructed,0,34659,1
00000000-0000-0000-0000-000000000010-76,00000000-0000-0000-0000-000000000010,s-10-8,2026-09-12T08:21:15.555893+00:00,real-mss-008,MSS,recognition,level,1,real,0,8820,1
00000000-0000-0000-0000-000000000010-77,00000000-0000-0000-0000-000000000010,s-10-8,2026-09-12T08:22:02.864101+00:00,tliq-004,TimeLiquidity,recognition,level,2,constructed,1,42308,1
00000000-0000-0000-0000-000000000010-78,00000000-0000-0000-0000-000000000010,s-10-8,2026-09-12T08:22:24.424365+00:00,real-fvg-004,FVG,recognition,zone,3,real,1,16560,1
00000000-0000-0000-0000-000000000010-79,00000000-0000-0000-0000-000000000010,s-10-8,2026-09-12T08:22:37.254314+00:00,fvg-002,FVG,recognition,zone,1,constructed,1,7829,1
00000000-0000-0000-0000-000000000010-80,00000000-0000-0000-0000-000000000010,s-10-9,2026-09-13T15:38:59.776298+00:00,real-liq-005,Liquidity,recognition,level,2,real,1,14949,1
00000000-0000-0000-0000-000000000010-81,00000000-0000-0000-0000-000000000010,s-10-9,2026-09-13T15:39:13.431938+00:00,real-fvg-007,FVG,recognition,zone,1,real,1,8655,1
00000000-0000-0000-0000-000000000010-82,00000000-0000-0000-0000-000000000010,s-10-9,2026-09-13T15:39:27.021853+00:00,real-fvg-009,FVG,recognition,zone,3,real,1,8589,1
00000000-0000-0000-0000-000000000010-83,00000000-0000-0000-0000-000000000010,s-10-9,2026-09-13T15:39:48.355054+00:00,real-fvg-005,FVG,recognition,zone,2,real,1,16333,1
00000000-0000-0000-0000-000000000010-84,00000000-0000-0000-0000-000000000010,s-10-9,2026-09-13T15:40:04.587195+00:00,real-liq-002,Liquidity,recognition,level,2,real,1,11232,1
00000000-0000-0000-0000-000000000010-85,00000000-0000-0000-0000-000000000010,s-10-9,2026-09-13T15:40:20.078009+00:00,ifvg-resp-003,IFVG,recognition,choice,2,constructed,1,10490,1
00000000-0000-0000-0000-000000000010-86,00000000-0000-0000-0000-000000000010,s-10-9,2026-09-13T15:40:43.721845+00:00,fvg-resp-001,FVG,recognition,choice,1,constructed,1,18643,1
00000000-0000-0000-0000-000000000010-87,00000000-0000-0000-0000-000000000010,s-10-9,2026-09-13T15:40:57.157614+00:00,real-mss-009,MSS,recognition,level,2,real,1,8435,1
00000000-0000-0000-0000-000000000010-88,00000000-0000-0000-0000-000000000010,s-10-9,2026-09-13T15:41:13.579111+00:00,tliq-001,TimeLiquidity,recognition,level,1,constructed,1,11421,1
00000000-0000-0000-0000-000000000010-89,00000000-0000-0000-0000-000000000010,s-10-9,2026-09-13T15:41:28.985675+00:00,real-fvg-010,FVG,recognition,zone,1,real,1,10406,1
00000000-0000-0000-0000-000000000010-90,00000000-0000-0000-0000-000000000010,s-10-10,2026-09-14T09:53:40.971261+00:00,ob-003,OrderBlock,recognition,zone,2,constructed,0,23868,1
00000000-0000-0000-0000-000000000010-91,00000000-0000-0000-0000-000000000010,s-10-10,2026-09-14T09:54:12.811947+00:00,ob-004,OrderBlock,recognition,zone,2,constructed,1,26840,1
00000000-0000-0000-0000-000000000010-92,00000000-0000-0000-0000-000000000010,s-10-10,2026-09-14T09:54:29.555295+00:00,ifvg-resp-005,IFVG,recognition,choice,3,constructed,1,11743,1
00000000-0000-0000-0000-000000000010-93,00000000-0000-0000-0000-000000000010,s-10-10,2026-09-14T09:54:54.838393+00:00,real-liq-006,Liquidity,recognition,level,3,real,1,20283,1
00000000-0000-0000-0000-000000000010-94,00000000-0000-0000-0000-000000000010,s-10-10,2026-09-14T09:55:09.871912+00:00,ifvg-005,IFVG,recognition,zone,3,constructed,1,10033,1
00000000-0000-0000-0000-000000000010-95,00000000-0000-0000-0000-000000000010,s-10-10,2026-09-14T09:55:33.335564+00:00,real-mss-010,MSS,recognition,level,3,real,0,18463,1
00000000-0000-0000-0000-000000000010-96,00000000-0000-0000-0000-000000000010,s-10-10,2026-09-14T09:56:09.765142+00:00,real-liq-008,Liquidity,recognition,level,2,real,0,31429,1
00000000-0000-0000-0000-000000000010-97,00000000-0000-0000-0000-000000000010,s-10-10,2026-09-14T09:56:18.152317+00:00,real-fvg-006,FVG,recognition,zone,3,real,0,3387,1
00000000-0000-0000-0000-000000000010-98,00000000-0000-0000-0000-000000000010,s-10-10,2026-09-14T09:56:40.276823+00:00,ob-001,OrderBlock,recognition,zone,1,constructed,1,17124,1
00000000-0000-0000-0000-000000000010-99,00000000-0000-0000-0000-000000000010,s-10-10,2026-09-14T09:57:03.552263+00:00,ifvg-resp-004,IFVG,recognition,choice,2,constructed,0,18275,1
00000000-0000-0000-0000-000000000010-100,00000000-0000-0000-0000-000000000010,s-10-11,2026-09-15T04:30:32.077382+00:00,fvg-resp-004,FVG,recognition,choice,2,constructed,1,11246,1
00000000-0000-0000-0000-000000000010-101,00000000-0000-0000-0000-000000000010,s-10-11,2026-09-15T04:30:46.728671+00:00,ifvg-004,IFVG,recognition,zone,2,constructed,1,9651,1
00000000-0000-0000-0000-000000000010-102,00000000-0000-0000-0000-000000000010,s-10-11,2026-09-15T04:31:26.033785+00:00,liq-002,Liquidity,recognition,level,1,constructed,1,34305,1
00000000-0000-0000-0000-000000000010-103,00000000-0000-0000-0000-000000000010,s-10-11,2026-09-15T04:31:45.708683+00:00,pd-002,PremiumDiscount,recognition,choice,1,constructed,1,14674,1
00000000-0000-0000-0000-000000000010-104,00000000-0000-0000-0000-000000000010,s-10-11,2026-09-15T04:32:07.232392+00:00,ifvg-resp-004,IFVG,recognition,choice,2,constructed,1,16523,1
00000000-0000-0000-0000-000000000010-105,00000000-0000-0000-0000-000000000010,s-10-11,2026-09-15T04:32:44.997407+00:00,pd-001,PremiumDiscount,recognition,choice,1,constructed,1,32765,1
00000000-0000-0000-0000-000000000010-106,00000000-0000-0000-0000-000000000010,s-10-11,2026-09-15T04:33:09.472285+00:00,real-fvg-010,FVG,recognition,zone,1,real,1,19474,1
00000000-0000-0000-0000-000000000010-107,00000000-0000-0000-0000-000000000010,s-10-11,2026-09-15T04:33:25.375463+00:00,fvg-005,FVG,recognition,zone,3,constructed,0,10903,1
00000000-0000-0000-0000-000000000010-108,00000000-0000-0000-0000-000000000010,s-10-11,2026-09-15T04:33:39.537086+00:00,fvg-003,FVG,recognition,zone,2,constructed,1,9161,1
00000000-0000-0000-0000-000000000010-109,00000000-0000-0000-0000-000000000010,s-10-11,2026-09-15T04:34:28.002992+00:00,real-fvg-006,FVG,recognition,zone,3,real,1,43465,1
00000000-0000-0000-0000-000000000010-110,00000000-0000-0000-0000-000000000010,s-10-12,2026-09-16T00:18:09.824714+00:00,real-mss-006,MSS,recognition,level,3,real,0,20102,1
00000000-0000-0000-0000-000000000010-111,00000000-0000-0000-0000-000000000010,s-10-12,2026-09-16T00:18:22.298073+00:00,ob-001,OrderBlock,recognition,zone,1,constructed,1,7473,1
00000000-0000-0000-0000-000000000010-112,00000000-0000-0000-0000-000000000010,s-10-12,2026-09-16T00:18:42.498165+00:00,real-fvg-007,FVG,recognition,zone,1,real,1,15200,1
00000000-0000-0000-0000-000000000010-113,00000000-0000-0000-0000-000000000010,s-10-12,2026-09-16T00:19:15.598846+00:00,real-mss-002,MSS,recognition,level,2,real,0,28100,1
00000000-0000-0000-0000-000000000010-114,00000000-0000-0000-0000-000000000010,s-10-12,2026-09-16T00:19:32.518346+00:00,tliq-005,TimeLiquidity,recognition,level,3,constructed,0,11919,1
00000000-0000-0000-0000-000000000010-115,00000000-0000-0000-0000-000000000010,s-10-12,2026-09-16T00:19:53.566249+00:00,pd-003,PremiumDiscount,recognition,choice,2,constructed,1,16047,1
00000000-0000-0000-0000-000000000010-116,00000000-0000-0000-0000-000000000010,s-10-12,2026-09-16T00:20:08.536016+00:00,pd-005,PremiumDiscount,recognition,choice,3,constructed,1,9969,1
00000000-0000-0000-0000-000000000010-117,00000000-0000-0000-0000-000000000010,s-10-12,2026-09-16T00:20:23.770163+00:00,ifvg-resp-005,IFVG,recognition,choice,3,constructed,1,10234,1
00000000-0000-0000-0000-000000000010-118,00000000-0000-0000-0000-000000000010,s-10-12,2026-09-16T00:20:38.358119+00:00,liq-003,Liquidity,recognition,level,2,constructed,1,9587,1
00000000-0000-0000-0000-000000000010-119,00000000-0000-0000-0000-000000000010,s-10-12,2026-09-16T00:21:04.680487+00:00,real-fvg-002,FVG,recognition,zone,2,real,1,21322,1
00000000-0000-0000-0000-000000000010-120,00000000-0000-0000-0000-000000000010,s-10-13,2026-09-16T15:33:21.740606+00:00,real-liq-004,Liquidity,recognition,level,1,real,1,14189,1
00000000-0000-0000-0000-000000000010-121,00000000-0000-0000-0000-000000000010,s-10-13,2026-09-16T15:33:43.560768+00:00,real-liq-005,Liquidity,recognition,level,2,real,1,16820,1
00000000-0000-0000-0000-000000000010-122,00000000-0000-0000-0000-000000000010,s-10-13,2026-09-16T15:34:01.192413+00:00,ifvg-resp-005,IFVG,recognition,choice,3,constructed,1,12631,1
00000000-0000-0000-0000-000000000010-123,00000000-0000-0000-0000-000000000010,s-10-13,2026-09-16T15:34:19.780348+00:00,real-mss-008,MSS,recognition,level,1,real,1,13587,1
00000000-0000-0000-0000-000000000010-124,00000000-0000-0000-0000-000000000010,s-10-13,2026-09-16T15:34:36.288198+00:00,ifvg-resp-005,IFVG,recognition,choice,3,constructed,1,11507,1
00000000-0000-0000-0000-000000000010-125,00000000-0000-0000-0000-000000000010,s-10-13,2026-09-16T15:35:00.457571+00:00,fvg-001,FVG,recognition,zone,1,constructed,1,19169,1
00000000-0000-0000-0000-000000000010-126,00000000-0000-0000-0000-000000000010,s-10-13,2026-09-16T15:35:20.600798+00:00,real-mss-003,MSS,recognition,level,3,real,0,15143,1
00000000-0000-0000-0000-000000000010-127,00000000-0000-0000-0000-000000000010,s-10-13,2026-09-16T15:35:31.284084+00:00,ob-004,OrderBlock,recognition,zone,2,constructed,0,5683,1
00000000-0000-0000-0000-000000000010-128,00000000-0000-0000-0000-000000000010,s-10-13,2026-09-16T15:35:48.468242+00:00,mss-001,MSS,recognition,level,1,constructed,1,12184,1
00000000-0000-0000-0000-000000000010-129,00000000-0000-0000-0000-000000000010,s-10-13,2026-09-16T15:35:58.893196+00:00,fvg-resp-002,FVG,recognition,choice,1,constructed,1,5424,1
00000000-0000-0000-0000-000000000010-130,00000000-0000-0000-0000-000000000010,s-10-14,2026-09-17T07:59:16.981376+00:00,ifvg-001,IFVG,recognition,zone,1,constructed,1,22136,1
00000000-0000-0000-0000-000000000010-131,00000000-0000-0000-0000-000000000010,s-10-14,2026-09-17T07:59:27.512976+00:00,mss-002,MSS,recognition,level,1,constructed,1,5531,1
00000000-0000-0000-0000-000000000010-132,00000000-0000-0000-0000-000000000010,s-10-14,2026-09-17T07:59:46.339833+00:00,real-mss-007,MSS,recognition,level,1,real,1,13826,1
00000000-0000-0000-0000-000000000010-133,00000000-0000-0000-0000-000000000010,s-10-14,2026-09-17T08:00:01.313873+00:00,real-mss-006,MSS,recognition,level,3,real,1,9974,1
00000000-0000-0000-0000-000000000010-134,00000000-0000-0000-0000-000000000010,s-10-14,2026-09-17T08:00:19.101656+00:00,real-fvg-008,FVG,recognition,zone,2,real,0,12787,1
00000000-0000-0000-0000-000000000011-0,00000000-0000-0000-0000-000000000011,s-11-1,2026-09-02T15:14:49.432413+00:00,real-liq-002,Liquidity,recognition,level,2,real,0,18543,1
00000000-0000-0000-0000-000000000011-1,00000000-0000-0000-0000-000000000011,s-11-1,2026-09-02T15:15:09.187071+00:00,mss-003,MSS,recognition,level,3,constructed,1,14754,1
00000000-0000-0000-0000-000000000011-2,00000000-0000-0000-0000-000000000011,s-11-1,2026-09-02T15:15:33.433723+00:00,real-fvg-008,FVG,recognition,zone,2,real,1,19246,1
00000000-0000-0000-0000-000000000011-3,00000000-0000-0000-0000-000000000011,s-11-1,2026-09-02T15:15:57.357722+00:00,pd-003,PremiumDiscount,recognition,choice,2,constructed,0,18923,1
00000000-0000-0000-0000-000000000011-4,00000000-0000-0000-0000-000000000011,s-11-1,2026-09-02T15:16:18.077519+00:00,ifvg-001,IFVG,recognition,zone,1,constructed,1,15719,1
00000000-0000-0000-0000-000000000011-5,00000000-0000-0000-0000-000000000011,s-11-1,2026-09-02T15:16:54.193533+00:00,real-mss-009,MSS,recognition,level,2,real,0,31116,1
00000000-0000-0000-0000-000000000011-6,00000000-0000-0000-0000-000000000011,s-11-1,2026-09-02T15:17:22.344259+00:00,pd-002,PremiumDiscount,recognition,choice,1,constructed,1,23150,1
00000000-0000-0000-0000-000000000011-7,00000000-0000-0000-0000-000000000011,s-11-1,2026-09-02T15:17:36.060824+00:00,real-mss-001,MSS,recognition,level,1,real,0,8716,1
00000000-0000-0000-0000-000000000011-8,00000000-0000-0000-0000-000000000011,s-11-1,2026-09-02T15:17:51.215526+00:00,real-liq-007,Liquidity,recognition,level,1,real,1,10154,1
00000000-0000-0000-0000-000000000011-9,00000000-0000-0000-0000-000000000011,s-11-1,2026-09-02T15:18:30.682014+00:00,mss-003,MSS,recognition,level,3,constructed,0,34466,1
00000000-0000-0000-0000-000000000011-10,00000000-0000-0000-0000-000000000011,s-11-2,2026-09-03T03:45:45.902833+00:00,real-liq-005,Liquidity,recognition,level,2,real,1,6238,1
00000000-0000-0000-0000-000000000011-11,00000000-0000-0000-0000-000000000011,s-11-2,2026-09-03T03:46:07.738590+00:00,mss-001,MSS,recognition,level,1,constructed,1,16835,1
00000000-0000-0000-0000-000000000011-12,00000000-0000-0000-0000-000000000011,s-11-2,2026-09-03T03:46:48.073557+00:00,ob-005,OrderBlock,recognition,zone,3,constructed,1,35334,1
00000000-0000-0000-0000-000000000011-13,00000000-0000-0000-0000-000000000011,s-11-2,2026-09-03T03:47:22.018640+00:00,pd-004,PremiumDiscount,recognition,choice,2,constructed,1,28945,1
00000000-0000-0000-0000-000000000011-14,00000000-0000-0000-0000-000000000011,s-11-2,2026-09-03T03:47:43.079188+00:00,real-mss-005,MSS,recognition,level,2,real,1,16060,1
00000000-0000-0000-0000-000000000011-15,00000000-0000-0000-0000-000000000011,s-11-2,2026-09-03T03:48:16.593505+00:00,mss-005,MSS,recognition,level,2,constructed,1,28514,1
00000000-0000-0000-0000-000000000011-16,00000000-0000-0000-0000-000000000011,s-11-2,2026-09-03T03:48:47.084818+00:00,real-fvg-003,FVG,recognition,zone,3,real,1,25491,1
00000000-0000-0000-0000-000000000011-17,00000000-0000-0000-0000-000000000011,s-11-2,2026-09-03T03:49:06.819757+00:00,real-liq-010,Liquidity,recognition,level,1,real,0,14734,1
00000000-0000-0000-0000-000000000011-18,00000000-0000-0000-0000-000000000011,s-11-2,2026-09-03T03:49:33.149518+00:00,liq-001,Liquidity,recognition,level,1,constructed,0,21329,1
00000000-0000-0000-0000-000000000011-19,00000000-0000-0000-0000-000000000011,s-11-2,2026-09-03T03:49:51.068794+00:00,ifvg-004,IFVG,recognition,zone,2,constructed,1,12919,1
00000000-0000-0000-0000-000000000011-20,00000000-0000-0000-0000-000000000011,s-11-3,2026-09-04T00:58:52.806979+00:00,real-liq-007,Liquidity,recognition,level,1,real,0,8456,1
00000000-0000-0000-0000-000000000011-21,00000000-0000-0000-0000-000000000011,s-11-3,2026-09-04T00:59:03.155413+00:00,ob-001,OrderBlock,recognition,zone,1,constructed,1,5348,1
00000000-0000-0000-0000-000000000011-22,00000000-0000-0000-0000-000000000011,s-11-3,2026-09-04T00:59:19.809447+00:00,mss-005,MSS,recognition,level,2,constructed,1,11654,1
00000000-0000-0000-0000-000000000011-23,00000000-0000-0000-0000-000000000011,s-11-3,2026-09-04T00:59:37.769200+00:00,ifvg-resp-004,IFVG,recognition,choice,2,constructed,0,12959,1
00000000-0000-0000-0000-000000000011-24,00000000-0000-0000-0000-000000000011,s-11-3,2026-09-04T00:59:48.895212+00:00,pd-003,PremiumDiscount,recognition,choice,2,constructed,1,6126,1
00000000-0000-0000-0000-000000000011-25,00000000-0000-0000-0000-000000000011,s-11-3,2026-09-04T01:00:00.942738+00:00,fvg-resp-004,FVG,recognition,choice,2,constructed,1,7047,1
00000000-0000-0000-0000-000000000011-26,00000000-0000-0000-0000-000000000011,s-11-3,2026-09-04T01:00:16.060319+00:00,mss-003,MSS,recognition,level,3,constructed,0,10117,1
00000000-0000-0000-0000-000000000011-27,00000000-0000-0000-0000-000000000011,s-11-3,2026-09-04T01:00:43.193409+00:00,ifvg-003,IFVG,recognition,zone,3,constructed,0,22133,1
00000000-0000-0000-0000-000000000011-28,00000000-0000-0000-0000-000000000011,s-11-3,2026-09-04T01:01:01.223832+00:00,real-liq-007,Liquidity,recognition,level,1,real,0,13030,1
00000000-0000-0000-0000-000000000011-29,00000000-0000-0000-0000-000000000011,s-11-3,2026-09-04T01:01:24.375907+00:00,fvg-002,FVG,recognition,zone,1,constructed,1,18152,1
00000000-0000-0000-0000-000000000011-30,00000000-0000-0000-0000-000000000011,s-11-4,2026-09-04T19:34:53.901485+00:00,ifvg-004,IFVG,recognition,zone,2,constructed,1,11251,1
00000000-0000-0000-0000-000000000011-31,00000000-0000-0000-0000-000000000011,s-11-4,2026-09-04T19:35:21.235517+00:00,ob-002,OrderBlock,recognition,zone,1,constructed,0,22334,1
00000000-0000-0000-0000-000000000011-32,00000000-0000-0000-0000-000000000011,s-11-4,2026-09-04T19:35:50.707983+00:00,liq-003,Liquidity,recognition,level,2,constructed,0,24472,1
00000000-0000-0000-0000-000000000011-33,00000000-0000-0000-0000-000000000011,s-11-4,2026-09-04T19:36:08.510758+00:00,fvg-resp-005,FVG,recognition,choice,3,constructed,0,12802,1
00000000-0000-0000-0000-000000000011-34,00000000-0000-0000-0000-000000000011,s-11-4,2026-09-04T19:36:49.828502+00:00,fvg-005,FVG,recognition,zone,3,constructed,1,36317,1
00000000-0000-0000-0000-000000000011-35,00000000-0000-0000-0000-000000000011,s-11-4,2026-09-04T19:37:06.179474+00:00,fvg-001,FVG,recognition,zone,1,constructed,1,11350,1
00000000-0000-0000-0000-000000000011-36,00000000-0000-0000-0000-000000000011,s-11-4,2026-09-04T19:37:17.976984+00:00,real-fvg-001,FVG,recognition,zone,1,real,0,6797,1
00000000-0000-0000-0000-000000000011-37,00000000-0000-0000-0000-000000000011,s-11-4,2026-09-04T19:37:45.856120+00:00,real-mss-007,MSS,recognition,level,1,real,0,22879,1
00000000-0000-0000-0000-000000000011-38,00000000-0000-0000-0000-000000000011,s-11-4,2026-09-04T19:38:04.217093+00:00,ob-002,OrderBlock,recognition,zone,1,constructed,1,13360,1
00000000-0000-0000-0000-000000000011-39,00000000-0000-0000-0000-000000000011,s-11-4,2026-09-04T19:38:17.409018+00:00,liq-005,Liquidity,recognition,level,3,constructed,0,8191,1
00000000-0000-0000-0000-000000000011-40,00000000-0000-0000-0000-000000000011,s-11-5,2026-09-06T05:10:44.864046+00:00,ifvg-002,IFVG,recognition,zone,1,constructed,0,11666,1
00000000-0000-0000-0000-000000000011-41,00000000-0000-0000-0000-000000000011,s-11-5,2026-09-06T05:11:08.955369+00:00,real-fvg-002,FVG,recognition,zone,2,real,0,19091,1
00000000-0000-0000-0000-000000000011-42,00000000-0000-0000-0000-000000000011,s-11-5,2026-09-06T05:11:22.831434+00:00,real-fvg-003,FVG,recognition,zone,3,real,1,8876,1
00000000-0000-0000-0000-000000000011-43,00000000-0000-0000-0000-000000000011,s-11-5,2026-09-06T05:11:38.558784+00:00,ob-004,OrderBlock,recognition,zone,2,constructed,0,10727,1
00000000-0000-0000-0000-000000000011-44,00000000-0000-0000-0000-000000000011,s-11-5,2026-09-06T05:11:56.488171+00:00,ifvg-resp-004,IFVG,recognition,choice,2,constructed,1,12929,1
00000000-0000-0000-0000-000000000011-45,00000000-0000-0000-0000-000000000011,s-11-5,2026-09-06T05:12:09.804905+00:00,ifvg-resp-002,IFVG,recognition,choice,2,constructed,1,8316,1
00000000-0000-0000-0000-000000000011-46,00000000-0000-0000-0000-000000000011,s-11-5,2026-09-06T05:12:25.052561+00:00,ifvg-resp-004,IFVG,recognition,choice,2,constructed,1,10247,1
00000000-0000-0000-0000-000000000011-47,00000000-0000-0000-0000-000000000011,s-11-5,2026-09-06T05:12:41.929433+00:00,fvg-003,FVG,recognition,zone,2,constructed,1,11876,1
